"","year","box","date","site","days_to_hatch","inc_start_aprildays","type","hatching_date","clutch_size","hatchlings","fledglings","meantemp","first_offbout","last_onbout","night_var","activity_onset_relative","activity_end_relative"
"1",2018,"12CASH","13/05/2018","CASH",-12,131,"forest-experimental light","25/05/2018",8,8,8,13.74913492,"13/05/2018 05:42","13/05/2018 20:09",5.106262588,33,-73
"2",2018,"12CASH","14/05/2018","CASH",-11,131,"forest-experimental light","25/05/2018",8,8,8,14.01202381,"14/05/2018 05:24","14/05/2018 19:18",1.683015729,17,-125
"3",2018,"12CASH","16/05/2018","CASH",-9,131,"forest-experimental light","25/05/2018",8,8,8,13.14409722,"16/05/2018 05:36","16/05/2018 13:00",NA,33,-507
"4",2018,"12CASH","20/05/2018","CASH",-5,131,"forest-experimental light","25/05/2018",8,8,8,11.88902632,"20/05/2018 05:39","20/05/2018 19:33",0.272055657,43,-121
"5",2018,"12CASH","21/05/2018","CASH",-4,131,"forest-experimental light","25/05/2018",8,8,8,14.99637698,"21/05/2018 05:48","21/05/2018 21:15",0.327435783,54,-21
"6",2018,"12CASH","22/05/2018","CASH",-3,131,"forest-experimental light","25/05/2018",8,8,8,14.39243056,"22/05/2018 05:54","22/05/2018 19:21",0.519482422,61,-137
"7",2018,"12CASH","23/05/2018","CASH",-2,131,"forest-experimental light","25/05/2018",8,8,8,16.1397004,"23/05/2018 05:42","23/05/2018 19:33",0.23648705,51,-127
"8",2018,"12CASH","24/05/2018","CASH",-1,131,"forest-experimental light","25/05/2018",8,8,8,16.7061746,"24/05/2018 05:36","24/05/2018 19:45",NA,46,-116
"9",2018,"20CASH","07/05/2018","CASH",-14,125,"forest-experimental light","21/05/2018",8,7,7,14.60371429,"07/05/2018 04:38","07/05/2018 18:20",0.474596869,-43,-170
"10",2018,"20CASH","08/05/2018","CASH",-13,125,"forest-experimental light","21/05/2018",8,7,7,11.28572421,"08/05/2018 04:17","08/05/2018 17:44",0.258229339,-62,-208
"11",2018,"20CASH","09/05/2018","CASH",-12,125,"forest-experimental light","21/05/2018",8,7,7,8.897212302,"09/05/2018 04:29","09/05/2018 18:17",0.407082377,-48,-177
"12",2018,"20CASH","10/05/2018","CASH",-11,125,"forest-experimental light","21/05/2018",8,7,7,9.976855159,"10/05/2018 05:11","10/05/2018 17:35",0.883960455,-3,-221
"13",2018,"20CASH","11/05/2018","CASH",-10,125,"forest-experimental light","21/05/2018",8,7,7,10.7394623,"11/05/2018 05:08","11/05/2018 18:32",0.691186918,-4,-166
"14",2018,"20CASH","12/05/2018","CASH",-9,125,"forest-experimental light","21/05/2018",8,7,7,13.2566627,"12/05/2018 04:59","12/05/2018 18:17",1.018711947,-11,-183
"15",2018,"20CASH","13/05/2018","CASH",-8,125,"forest-experimental light","21/05/2018",8,7,7,13.74913492,"13/05/2018 05:23","13/05/2018 18:26",0.96764672,14,-176
"16",2018,"20CASH","14/05/2018","CASH",-7,125,"forest-experimental light","21/05/2018",8,7,7,14.01202381,"14/05/2018 05:17","14/05/2018 18:29",1.044942781,10,-174
"17",2018,"20CASH","15/05/2018","CASH",-6,125,"forest-experimental light","21/05/2018",8,7,7,13.39108333,"15/05/2018 05:14","15/05/2018 19:23",1.216827632,9,-122
"18",2018,"20CASH","16/05/2018","CASH",-5,125,"forest-experimental light","21/05/2018",8,7,7,13.14409722,"16/05/2018 04:38","16/05/2018 19:53",0.785608097,-25,-94
"19",2018,"20CASH","17/05/2018","CASH",-4,125,"forest-experimental light","21/05/2018",8,7,7,10.63960265,"17/05/2018 05:14","17/05/2018 19:23",0.073076028,13,-126
"20",2018,"20CASH","18/05/2018","CASH",-3,125,"forest-experimental light","21/05/2018",8,7,7,9.741666667,"18/05/2018 05:14","18/05/2018 19:32",1.130841979,15,-119
"21",2018,"20CASH","19/05/2018","CASH",-2,125,"forest-experimental light","21/05/2018",8,7,7,11.63333333,"19/05/2018 05:20","19/05/2018 19:05",0.622509667,22,-148
"22",2018,"20CASH","20/05/2018","CASH",-1,125,"forest-experimental light","21/05/2018",8,7,7,11.88902632,"20/05/2018 05:32","20/05/2018 18:56",NA,36,-158
"23",2018,"25CASH","18/05/2018","CASH",-5,128,"forest-experimental light","23/05/2018",7,5,5,9.741666667,"18/05/2018 05:35","18/05/2018 20:32",1.242587745,36,-59
"24",2018,"25CASH","19/05/2018","CASH",-4,128,"forest-experimental light","23/05/2018",7,5,5,11.63333333,"19/05/2018 05:35","19/05/2018 20:47",0.615040828,37,-46
"25",2018,"25CASH","20/05/2018","CASH",-3,128,"forest-experimental light","23/05/2018",7,5,5,11.88902632,"20/05/2018 04:32","20/05/2018 20:05",0.753544202,-24,-89
"26",2018,"25CASH","21/05/2018","CASH",-2,128,"forest-experimental light","23/05/2018",7,5,5,14.99637698,"21/05/2018 05:38","21/05/2018 19:47",1.375824678,44,-109
"27",2018,"25CASH","22/05/2018","CASH",-1,128,"forest-experimental light","23/05/2018",7,5,5,14.39243056,"22/05/2018 05:11","22/05/2018 19:11",NA,18,-147
"28",2018,"407CASH","07/05/2018","CASH",-15,130,"forest-control","22/05/2018",8,0,0,14.60371429,"07/05/2018 05:31","07/05/2018 22:01",4.782290005,10,51
"29",2018,"407CASH","08/05/2018","CASH",-14,130,"forest-control","22/05/2018",8,0,0,11.28572421,"08/05/2018 05:25","08/05/2018 19:37",4.088676697,6,-95
"30",2018,"407CASH","09/05/2018","CASH",-13,130,"forest-control","22/05/2018",8,0,0,8.897212302,"09/05/2018 05:58","09/05/2018 19:01",3.399994579,41,-133
"31",2018,"407CASH","10/05/2018","CASH",-12,130,"forest-control","22/05/2018",8,0,0,9.976855159,"10/05/2018 05:31","10/05/2018 19:25",2.167690832,17,-111
"32",2018,"407CASH","11/05/2018","CASH",-11,130,"forest-control","22/05/2018",8,0,0,10.7394623,"11/05/2018 05:28","11/05/2018 19:10",1.493216862,16,-128
"33",2018,"407CASH","13/05/2018","CASH",-9,130,"forest-control","22/05/2018",8,0,0,13.74913492,"13/05/2018 05:25","13/05/2018 18:46",0.94679931,16,-156
"34",2018,"407CASH","15/05/2018","CASH",-7,130,"forest-control","22/05/2018",8,0,0,13.39108333,"15/05/2018 05:43","15/05/2018 19:37",4.175036639,38,-108
"35",2018,"407CASH","16/05/2018","CASH",-6,130,"forest-control","22/05/2018",8,0,0,13.14409722,"16/05/2018 05:46",NA,NA,43,NA
"36",2018,"416CASH","13/05/2018","CASH",-13,134,"forest-control","26/05/2018",9,7,7,13.74913492,"13/05/2018 05:24","13/05/2018 19:45",0.475716392,15,-97
"37",2018,"416CASH","14/05/2018","CASH",-12,134,"forest-control","26/05/2018",9,7,7,14.01202381,"14/05/2018 05:33","14/05/2018 19:33",0.53673483,26,-110
"38",2018,"416CASH","15/05/2018","CASH",-11,134,"forest-control","26/05/2018",9,7,7,13.39108333,"15/05/2018 05:36","15/05/2018 19:51",0.372149324,31,-94
"39",2018,"416CASH","16/05/2018","CASH",-10,134,"forest-control","26/05/2018",9,7,7,13.14409722,"16/05/2018 05:33","16/05/2018 20:06",0.298784977,30,-81
"40",2018,"416CASH","17/05/2018","CASH",-9,134,"forest-control","26/05/2018",9,7,7,10.63960265,"17/05/2018 05:33","17/05/2018 19:21",0.688727421,32,-128
"41",2018,"416CASH","18/05/2018","CASH",-8,134,"forest-control","26/05/2018",9,7,7,9.741666667,"18/05/2018 05:54","18/05/2018 19:51",0.591788804,55,-100
"42",2018,"416CASH","19/05/2018","CASH",-7,134,"forest-control","26/05/2018",9,7,7,11.63333333,"19/05/2018 05:42","19/05/2018 18:33",0.26485535,44,-180
"43",2018,"416CASH","20/05/2018","CASH",-6,134,"forest-control","26/05/2018",9,7,7,11.88902632,"20/05/2018 05:30","20/05/2018 19:45",2.434661389,34,-109
"44",2018,"416CASH","21/05/2018","CASH",-5,134,"forest-control","26/05/2018",9,7,7,14.99637698,"21/05/2018 05:24","21/05/2018 19:39",1.640484181,30,-117
"45",2018,"416CASH","22/05/2018","CASH",-4,134,"forest-control","26/05/2018",9,7,7,14.39243056,"22/05/2018 05:54","22/05/2018 19:30",2.727192801,61,-128
"46",2018,"416CASH","23/05/2018","CASH",-3,134,"forest-control","26/05/2018",9,7,7,16.1397004,"23/05/2018 05:39","23/05/2018 20:27",3.715592522,48,-73
"47",2018,"416CASH","24/05/2018","CASH",-2,134,"forest-control","26/05/2018",9,7,7,16.7061746,"24/05/2018 06:00",NA,NA,70,NA
"48",2018,"425CASH","11/05/2018","CASH",-15,132,"forest-control","26/05/2018",8,8,8,10.7394623,"11/05/2018 05:30","11/05/2018 19:54",1.267865913,18,-84
"49",2018,"425CASH","12/05/2018","CASH",-14,132,"forest-control","26/05/2018",8,8,8,13.2566627,"12/05/2018 05:12","12/05/2018 19:06",2.418389256,2,-134
"50",2018,"425CASH","13/05/2018","CASH",-13,132,"forest-control","26/05/2018",8,8,8,13.74913492,"13/05/2018 05:33","13/05/2018 18:51",1.740247084,24,-151
"51",2018,"425CASH","14/05/2018","CASH",-12,132,"forest-control","26/05/2018",8,8,8,14.01202381,"14/05/2018 05:24","14/05/2018 19:15",0.969726,17,-128
"52",2018,"425CASH","15/05/2018","CASH",-11,132,"forest-control","26/05/2018",8,8,8,13.39108333,"15/05/2018 05:21","15/05/2018 19:33",0.901128344,16,-112
"53",2018,"425CASH","16/05/2018","CASH",-10,132,"forest-control","26/05/2018",8,8,8,13.14409722,"16/05/2018 05:12","16/05/2018 14:03",NA,9,-444
"54",2018,"425CASH","20/05/2018","CASH",-6,132,"forest-control","26/05/2018",8,8,8,11.88902632,"20/05/2018 05:24","20/05/2018 19:00",0.775245121,28,-154
"55",2018,"425CASH","21/05/2018","CASH",-5,132,"forest-control","26/05/2018",8,8,8,14.99637698,"21/05/2018 05:48","21/05/2018 17:39",0.673387522,54,-237
"56",2018,"425CASH","22/05/2018","CASH",-4,132,"forest-control","26/05/2018",8,8,8,14.39243056,"22/05/2018 06:03","22/05/2018 17:03",0.813956023,70,-275
"57",2018,"425CASH","23/05/2018","CASH",-3,132,"forest-control","26/05/2018",8,8,8,16.1397004,"23/05/2018 05:36","23/05/2018 14:54",NA,45,-406
"58",2018,"429CASH","06/05/2018","CASH",-14,127,"forest-experimental light","20/05/2018",7,6,6,13.28502183,"06/05/2018 05:19","06/05/2018 19:40",0.244535444,-4,-88
"59",2018,"429CASH","07/05/2018","CASH",-13,127,"forest-experimental light","20/05/2018",7,6,6,14.60371429,"07/05/2018 05:49","07/05/2018 18:58",0.095128935,28,-132
"60",2018,"429CASH","08/05/2018","CASH",-12,127,"forest-experimental light","20/05/2018",7,6,6,11.28572421,"08/05/2018 05:52","08/05/2018 19:13",0.200740869,33,-119
"61",2018,"429CASH","09/05/2018","CASH",-11,127,"forest-experimental light","20/05/2018",7,6,6,8.897212302,"09/05/2018 05:40",NA,NA,23,NA
"62",2018,"4CASH","20/05/2018","CASH",-6,130,"forest-control","26/05/2018",9,9,9,11.88902632,"20/05/2018 05:33","20/05/2018 19:09",0.101362557,37,-145
"63",2018,"4CASH","21/05/2018","CASH",-5,130,"forest-control","26/05/2018",9,9,9,14.99637698,"21/05/2018 05:45","21/05/2018 19:06",0.052469075,51,-150
"64",2018,"4CASH","22/05/2018","CASH",-4,130,"forest-control","26/05/2018",9,9,9,14.39243056,"22/05/2018 06:00","22/05/2018 18:36",0.050947622,67,-182
"65",2018,"4CASH","23/05/2018","CASH",-3,130,"forest-control","26/05/2018",9,9,9,16.1397004,"23/05/2018 05:48","23/05/2018 18:27",0.084391604,57,-193
"66",2018,"4CASH","24/05/2018","CASH",-2,130,"forest-control","26/05/2018",9,9,9,16.7061746,"24/05/2018 05:27","24/05/2018 19:42",0.106296494,37,-119
"67",2018,"4CASH","25/05/2018","CASH",-1,130,"forest-control","26/05/2018",9,9,9,18.09395238,"25/05/2018 05:33","25/05/2018 20:24",NA,45,-79
"68",2018,"79CASH","14/05/2018","CASH",-15,135,"forest-experimental light","29/05/2018",9,8,9,14.01202381,"14/05/2018 06:02","14/05/2018 19:05",22.20555856,55,-138
"69",2018,"79CASH","15/05/2018","CASH",-14,135,"forest-experimental light","29/05/2018",9,8,9,13.39108333,"15/05/2018 05:02","15/05/2018 19:44",2.885495679,-3,-101
"70",2018,"79CASH","16/05/2018","CASH",-13,135,"forest-experimental light","29/05/2018",9,8,9,13.14409722,"16/05/2018 04:50","16/05/2018 18:23",5.792665861,-13,-184
"71",2018,"79CASH","17/05/2018","CASH",-12,135,"forest-experimental light","29/05/2018",9,8,9,10.63960265,"17/05/2018 04:38",NA,NA,-23,NA
"72",2018,"11GC","29/04/2018","GC",-15,122,"urban","14/05/2018",8,5,5,8.499462366,"29/04/2018 04:40","29/04/2018 18:34",0.530513394,-58,-137
"73",2018,"11GC","30/04/2018","GC",-14,122,"urban","14/05/2018",8,5,5,9.36247043,"30/04/2018 05:19","30/04/2018 18:58",1.26866796,-17,-115
"74",2018,"11GC","01/05/2018","GC",-13,122,"urban","14/05/2018",8,5,5,8.481482527,"01/05/2018 06:01","01/05/2018 18:19",0.836746988,28,-156
"75",2018,"11GC","02/05/2018","GC",-12,122,"urban","14/05/2018",8,5,5,9.315354839,"02/05/2018 05:55","02/05/2018 18:10",0.646710798,24,-167
"76",2018,"11GC","03/05/2018","GC",-11,122,"urban","14/05/2018",8,5,5,9.054801075,"03/05/2018 06:01","03/05/2018 19:13",0.337256111,32,-106
"77",2018,"11GC","04/05/2018","GC",-10,122,"urban","14/05/2018",8,5,5,11.68089264,"04/05/2018 05:58","04/05/2018 19:34",0.73430047,31,-87
"78",2018,"11GC","05/05/2018","GC",-9,122,"urban","14/05/2018",8,5,5,14.49772849,"05/05/2018 06:01","05/05/2018 19:10",0.725051323,36,-113
"79",2018,"11GC","06/05/2018","GC",-8,122,"urban","14/05/2018",8,5,5,15.95214382,"06/05/2018 05:55","06/05/2018 19:43",0.583265509,32,-82
"80",2018,"11GC","07/05/2018","GC",-7,122,"urban","14/05/2018",8,5,5,17.59761694,"07/05/2018 05:58","07/05/2018 19:28",0.578582025,38,-99
"81",2018,"11GC","08/05/2018","GC",-6,122,"urban","14/05/2018",8,5,5,14.76496774,"08/05/2018 05:37","08/05/2018 19:07",1.051382547,19,-122
"82",2018,"11GC","09/05/2018","GC",-5,122,"urban","14/05/2018",8,5,5,12.17156452,"09/05/2018 05:43","09/05/2018 19:55",0.472037431,27,-76
"83",2018,"11GC","10/05/2018","GC",-4,122,"urban","14/05/2018",8,5,5,11.52955272,"10/05/2018 05:43",NA,NA,29,NA
"84",2018,"14GC","02/05/2018","GC",-12,122,"urban","14/05/2018",5,0,0,9.315354839,"02/05/2018 05:50","02/05/2018 17:20",4.487438076,19,-217
"85",2018,"14GC","03/05/2018","GC",-11,122,"urban","14/05/2018",5,0,0,9.054801075,"03/05/2018 05:47","03/05/2018 18:53",2.858145577,18,-126
"86",2018,"14GC","04/05/2018","GC",-10,122,"urban","14/05/2018",5,0,0,11.68089264,"04/05/2018 05:56","04/05/2018 19:32",NA,29,-89
"87",2018,"6GC","29/04/2018","GC",-12,118,"urban","11/05/2018",7,0,0,8.499462366,"29/04/2018 05:53","29/04/2018 17:47",1.503827364,15,-184
"88",2018,"6GC","30/04/2018","GC",-11,118,"urban","11/05/2018",7,0,0,9.36247043,"30/04/2018 05:59","30/04/2018 17:59",1.262530321,23,-174
"89",2018,"6GC","01/05/2018","GC",-10,118,"urban","11/05/2018",7,0,0,8.481482527,"01/05/2018 04:44","01/05/2018 18:50",0.650392618,-49,-125
"90",2018,"6GC","02/05/2018","GC",-9,118,"urban","11/05/2018",7,0,0,9.315354839,"02/05/2018 04:35","02/05/2018 18:56",0.529808987,-56,-121
"91",2018,"6GC","03/05/2018","GC",-8,118,"urban","11/05/2018",7,0,0,9.054801075,"03/05/2018 05:53","03/05/2018 18:59",0.407862198,24,-120
"92",2018,"6GC","04/05/2018","GC",-7,118,"urban","11/05/2018",7,0,0,11.68089264,"04/05/2018 05:53","04/05/2018 18:35",0.541668204,26,-146
"93",2018,"6GC","05/05/2018","GC",-6,118,"urban","11/05/2018",7,0,0,14.49772849,"05/05/2018 06:08","05/05/2018 18:05",1.040831416,43,-178
"94",2018,"6GC","06/05/2018","GC",-5,118,"urban","11/05/2018",7,0,0,15.95214382,"06/05/2018 05:56","06/05/2018 20:44",0.650203666,33,-21
"95",2018,"6GC","07/05/2018","GC",-4,118,"urban","11/05/2018",7,0,0,17.59761694,"07/05/2018 06:05","07/05/2018 18:44",0.786344466,45,-143
"96",2018,"6GC","08/05/2018","GC",-3,118,"urban","11/05/2018",7,0,0,14.76496774,"08/05/2018 05:38",NA,NA,20,NA
"97",2018,"7GC","28/04/2018","GC",-12,119,"urban","10/05/2018",7,0,0,8.75478022,"28/04/2018 05:47","28/04/2018 18:38",1.184528941,7,-131
"98",2018,"7GC","29/04/2018","GC",-11,119,"urban","10/05/2018",7,0,0,8.499462366,"29/04/2018 06:05","29/04/2018 18:35",0.991772579,27,-136
"99",2018,"7GC","30/04/2018","GC",-10,119,"urban","10/05/2018",7,0,0,9.36247043,"30/04/2018 05:50","30/04/2018 18:32",2.193880444,14,-141
"100",2018,"7GC","01/05/2018","GC",-9,119,"urban","10/05/2018",7,0,0,8.481482527,"01/05/2018 06:14","01/05/2018 18:20",0.107490059,41,-155
"101",2018,"7GC","02/05/2018","GC",-8,119,"urban","10/05/2018",7,0,0,9.315354839,"02/05/2018 05:47","02/05/2018 17:53",0.172569327,16,-184
"102",2018,"7GC","03/05/2018","GC",-7,119,"urban","10/05/2018",7,0,0,9.054801075,"03/05/2018 06:11","03/05/2018 19:11",0.080863109,42,-108
"103",2018,"7GC","04/05/2018","GC",-6,119,"urban","10/05/2018",7,0,0,11.68089264,"04/05/2018 06:11","04/05/2018 18:11",0.625979338,44,-170
"104",2018,"7GC","05/05/2018","GC",-5,119,"urban","10/05/2018",7,0,0,14.49772849,"05/05/2018 06:05","05/05/2018 18:59",1.675207503,40,-124
"105",2018,"7GC","06/05/2018","GC",-4,119,"urban","10/05/2018",7,0,0,15.95214382,"06/05/2018 05:53","06/05/2018 19:08",4.124145413,30,-117
"106",2018,"7GC","07/05/2018","GC",-3,119,"urban","10/05/2018",7,0,0,17.59761694,"07/05/2018 06:02","07/05/2018 19:23",3.258816458,42,-104
"107",2018,"7GC","08/05/2018","GC",-2,119,"urban","10/05/2018",7,0,0,14.76496774,"08/05/2018 05:41",NA,NA,23,NA
"108",2018,"9GC","02/05/2018","GC",-12,121,"urban","14/05/2018",7,6,6,9.315354839,"02/05/2018 05:48","02/05/2018 20:39",NA,17,-18
"109",2018,"15KG","04/05/2018","KG",-13,123,"urban","17/05/2018",6,5,5,11.68089264,"04/05/2018 05:22","04/05/2018 19:10",0.187519647,-5,-111
"110",2018,"15KG","05/05/2018","KG",-12,123,"urban","17/05/2018",6,5,5,14.49772849,"05/05/2018 05:49","05/05/2018 19:13",0.216003759,24,-110
"111",2018,"15KG","06/05/2018","KG",-11,123,"urban","17/05/2018",6,5,5,15.95214382,"06/05/2018 05:49","06/05/2018 18:31",0.18963832,26,-154
"112",2018,"15KG","07/05/2018","KG",-10,123,"urban","17/05/2018",6,5,5,18.05842126,"07/05/2018 05:40","07/05/2018 19:46",0.208329839,20,-81
"113",2018,"15KG","08/05/2018","KG",-9,123,"urban","17/05/2018",6,5,5,14.1080335,"08/05/2018 05:52","08/05/2018 19:13",0.996703952,34,-116
"114",2018,"15KG","09/05/2018","KG",-8,123,"urban","17/05/2018",6,5,5,11.39403105,"09/05/2018 06:01","09/05/2018 18:52",1.440298301,45,-139
"115",2018,"15KG","10/05/2018","KG",-7,123,"urban","17/05/2018",6,5,5,11.21377667,"10/05/2018 05:52","10/05/2018 19:58",0.808911606,38,-75
"116",2018,"15KG","11/05/2018","KG",-6,123,"urban","17/05/2018",6,5,5,10.99757271,"11/05/2018 04:55","11/05/2018 19:07",0.773423392,-17,-128
"117",2018,"15KG","12/05/2018","KG",-5,123,"urban","17/05/2018",6,5,5,12.10977941,"12/05/2018 05:31","12/05/2018 19:25",0.633338421,21,-112
"118",2018,"15KG","13/05/2018","KG",-4,123,"urban","17/05/2018",6,5,5,12.71252124,"13/05/2018 06:04","13/05/2018 19:28",1.427565653,56,-110
"119",2018,"15KG","14/05/2018","KG",-3,123,"urban","17/05/2018",6,5,5,13.72794281,"14/05/2018 05:25","14/05/2018 18:55",0.464903273,18,-145
"120",2018,"15KG","15/05/2018","KG",-2,123,"urban","17/05/2018",6,5,5,13.08561683,"15/05/2018 05:19","15/05/2018 19:13",0.465879647,14,-129
"121",2018,"15KG","16/05/2018","KG",-1,123,"urban","17/05/2018",6,5,5,10.6,"16/05/2018 04:31","16/05/2018 18:46",NA,-32,-158
"122",2018,"20KG","15/05/2018","KG",-6,130,"urban","21/05/2018",5,4,4,13.08561683,"15/05/2018 05:23","15/05/2018 18:08",0.289902798,18,-194
"123",2018,"20KG","16/05/2018","KG",-5,130,"urban","21/05/2018",5,4,4,10.6,"16/05/2018 05:14","16/05/2018 17:59",0.546843118,11,-205
"124",2018,"20KG","17/05/2018","KG",-4,130,"urban","21/05/2018",5,4,4,11.72181521,"17/05/2018 05:08","17/05/2018 18:14",0.309809499,7,-192
"125",2018,"20KG","18/05/2018","KG",-3,130,"urban","21/05/2018",5,4,4,11.84084195,"18/05/2018 05:20","18/05/2018 18:14",0.746643832,21,-194
"126",2018,"20KG","19/05/2018","KG",-2,130,"urban","21/05/2018",5,4,4,13.49583333,"19/05/2018 05:05","19/05/2018 18:38",0.517745998,7,-171
"127",2018,"20KG","20/05/2018","KG",-1,130,"urban","21/05/2018",5,4,4,13.54583333,"20/05/2018 05:20","20/05/2018 18:38",NA,24,-173
"128",2018,"27KG","03/05/2018","KG",-15,124,"urban","18/05/2018",7,7,7,9.054801075,"03/05/2018 05:47","03/05/2018 17:53",0.593731791,18,-186
"129",2018,"27KG","04/05/2018","KG",-14,124,"urban","18/05/2018",7,7,7,11.68089264,"04/05/2018 04:32","04/05/2018 19:17",0.350161493,-55,-104
"130",2018,"27KG","05/05/2018","KG",-13,124,"urban","18/05/2018",7,7,7,14.49772849,"05/05/2018 05:53","05/05/2018 19:08",NA,28,-115
"131",2018,"27KG","09/05/2018","KG",-9,124,"urban","18/05/2018",7,7,7,11.39403105,"09/05/2018 04:53","09/05/2018 21:44",0.650318728,-23,33
"132",2018,"27KG","10/05/2018","KG",-8,124,"urban","18/05/2018",7,7,7,11.21377667,"10/05/2018 05:17","10/05/2018 18:14",0.563151745,3,-179
"133",2018,"27KG","11/05/2018","KG",-7,124,"urban","18/05/2018",7,7,7,10.99757271,"11/05/2018 05:32","11/05/2018 18:08",0.848389246,20,-187
"134",2018,"27KG","12/05/2018","KG",-6,124,"urban","18/05/2018",7,7,7,12.10977941,"12/05/2018 05:23","12/05/2018 17:59",0.252194302,13,-198
"135",2018,"27KG","14/05/2018","KG",-4,124,"urban","18/05/2018",7,7,7,13.72794281,"14/05/2018 05:20","14/05/2018 06:02",NA,13,-918
"136",2018,"30KG","05/05/2018","KG",-7,121,"urban","12/05/2018",8,6,6,14.49772849,"05/05/2018 05:54","05/05/2018 18:33",0.871166809,29,-150
"137",2018,"30KG","06/05/2018","KG",-6,121,"urban","12/05/2018",8,6,6,15.95214382,"06/05/2018 05:18","06/05/2018 18:27",0.85365024,-5,-158
"138",2018,"30KG","07/05/2018","KG",-5,121,"urban","12/05/2018",8,6,6,18.05842126,"07/05/2018 04:39","07/05/2018 18:42",1.738199224,-41,-145
"139",2018,"30KG","08/05/2018","KG",-4,121,"urban","12/05/2018",8,6,6,14.1080335,"08/05/2018 05:54","08/05/2018 18:33",1.277797641,36,-156
"140",2018,"30KG","10/05/2018","KG",-2,121,"urban","12/05/2018",8,6,6,11.21377667,"10/05/2018 06:15","10/05/2018 18:24",0.181215822,61,-169
"141",2018,"30KG","11/05/2018","KG",-1,121,"urban","12/05/2018",8,6,6,10.99757271,"11/05/2018 05:27","11/05/2018 18:21",NA,15,-174
"142",2018,"32KG","16/05/2018","KG",-10,134,"urban","26/05/2018",7,0,0,10.6,"16/05/2018 04:59","16/05/2018 19:02",0.415033019,-4,-142
"143",2018,"32KG","17/05/2018","KG",-9,134,"urban","26/05/2018",7,0,0,11.72181521,"17/05/2018 05:05","17/05/2018 19:08",0.158298095,4,-138
"144",2018,"32KG","18/05/2018","KG",-8,134,"urban","26/05/2018",7,0,0,11.84084195,"18/05/2018 05:08","18/05/2018 18:47",0.195724693,9,-161
"145",2018,"32KG","19/05/2018","KG",-7,134,"urban","26/05/2018",7,0,0,13.49583333,"19/05/2018 05:02","19/05/2018 18:47",0.260958176,4,-162
"146",2018,"32KG","20/05/2018","KG",-6,134,"urban","26/05/2018",7,0,0,13.54583333,"20/05/2018 05:02","20/05/2018 18:53",0.138720008,6,-158
"147",2018,"32KG","21/05/2018","KG",-5,134,"urban","26/05/2018",7,0,0,12.74583333,"21/05/2018 05:02","21/05/2018 11:11",NA,8,-622
"148",2018,"52KG","01/05/2018","KG",-9,119,"urban","10/05/2018",4,0,0,8.481482527,"01/05/2018 05:54","01/05/2018 19:42",1.684132559,21,-73
"149",2018,"52KG","02/05/2018","KG",-8,119,"urban","10/05/2018",4,0,0,9.315354839,"02/05/2018 05:45","02/05/2018 20:45",7.664618173,14,-12
"150",2018,"52KG","03/05/2018","KG",-7,119,"urban","10/05/2018",4,0,0,9.054801075,"03/05/2018 05:42","03/05/2018 18:24",1.211418609,13,-155
"151",2018,"52KG","04/05/2018","KG",-6,119,"urban","10/05/2018",4,0,0,11.68089264,"04/05/2018 05:30","04/05/2018 18:48",1.032276361,3,-133
"152",2018,"52KG","05/05/2018","KG",-5,119,"urban","10/05/2018",4,0,0,14.49772849,"05/05/2018 05:21","05/05/2018 18:21",1.020659526,-4,-162
"153",2018,"52KG","06/05/2018","KG",-4,119,"urban","10/05/2018",4,0,0,15.95214382,"06/05/2018 05:15","06/05/2018 18:24",0.736564184,-8,-161
"154",2018,"52KG","08/05/2018","KG",-2,119,"urban","10/05/2018",4,0,0,14.1080335,"08/05/2018 05:33","08/05/2018 18:18",1.773409629,15,-171
"155",2018,"58KG","02/05/2018","KG",-13,123,"urban","15/05/2018",8,0,0,9.315354839,"02/05/2018 05:57","02/05/2018 19:09",1.893813151,26,-108
"156",2018,"58KG","03/05/2018","KG",-12,123,"urban","15/05/2018",8,0,0,9.054801075,"03/05/2018 05:42","03/05/2018 19:36",0.736074181,13,-83
"157",2018,"58KG","04/05/2018","KG",-11,123,"urban","15/05/2018",8,0,0,11.68089264,"04/05/2018 05:39","04/05/2018 19:21",0.267380022,12,-100
"158",2018,"58KG","05/05/2018","KG",-10,123,"urban","15/05/2018",8,0,0,14.49772849,"05/05/2018 05:48","05/05/2018 18:45",0.310025774,23,-138
"159",2018,"58KG","06/05/2018","KG",-9,123,"urban","15/05/2018",8,0,0,15.95214382,"06/05/2018 05:33","06/05/2018 19:15",0.398552577,10,-110
"160",2018,"58KG","07/05/2018","KG",-8,123,"urban","15/05/2018",8,0,0,18.05842126,"07/05/2018 05:45","07/05/2018 18:27",NA,25,-160
"161",2018,"205SAL","21/05/2018","SAL",-7,133,"forest-control","28/05/2018",7,4,4,13.96913516,"21/05/2018 05:33","21/05/2018 19:24",0.827331674,39,-132
"162",2018,"205SAL","22/05/2018","SAL",-6,133,"forest-control","28/05/2018",7,4,4,12.88903862,"22/05/2018 06:00","22/05/2018 19:36",0.315619219,67,-122
"163",2018,"205SAL","23/05/2018","SAL",-5,133,"forest-control","28/05/2018",7,4,4,13.51568394,"23/05/2018 05:48",NA,NA,57,NA
"164",2018,"208SAL","12/05/2018","SAL",-15,131,"forest-experimental light","27/05/2018",9,9,9,12.54789126,"12/05/2018 04:38","12/05/2018 18:11",3.824813917,-32,-189
"165",2018,"208SAL","13/05/2018","SAL",-14,131,"forest-experimental light","27/05/2018",9,9,9,12.53939736,"13/05/2018 04:53","13/05/2018 18:05",2.943504101,-16,-197
"166",2018,"208SAL","14/05/2018","SAL",-13,131,"forest-experimental light","27/05/2018",9,9,9,13.4839065,"14/05/2018 04:53","14/05/2018 18:23",1.191848046,-14,-180
"167",2018,"208SAL","18/05/2018","SAL",-9,131,"forest-experimental light","27/05/2018",9,9,9,13.61612093,"18/05/2018 04:59","18/05/2018 19:11",1.30810282,0,-140
"168",2018,"208SAL","20/05/2018","SAL",-7,131,"forest-experimental light","27/05/2018",9,9,9,14.09295732,"20/05/2018 04:53","20/05/2018 18:53",0.679822825,-3,-161
"169",2018,"208SAL","21/05/2018","SAL",-6,131,"forest-experimental light","27/05/2018",9,9,9,13.96913516,"21/05/2018 05:05","21/05/2018 18:23",0.58638281,11,-193
"170",2018,"208SAL","22/05/2018","SAL",-5,131,"forest-experimental light","27/05/2018",9,9,9,12.88903862,"22/05/2018 05:32","22/05/2018 21:20",NA,39,-18
"171",2018,"220SAL","07/05/2018","SAL",-14,127,"forest-experimental light","21/05/2018",6,5,5,14.35639837,"07/05/2018 05:23","07/05/2018 19:35",5.226253703,2,-95
"172",2018,"220SAL","08/05/2018","SAL",-13,127,"forest-experimental light","21/05/2018",6,5,5,11.49036687,"08/05/2018 05:20","08/05/2018 17:59",6.508218836,1,-193
"173",2018,"220SAL","09/05/2018","SAL",-12,127,"forest-experimental light","21/05/2018",6,5,5,9.005113821,"09/05/2018 05:05","09/05/2018 17:32",5.766016764,-12,-222
"174",2018,"220SAL","10/05/2018","SAL",-11,127,"forest-experimental light","21/05/2018",6,5,5,9.86685874,"10/05/2018 05:23","10/05/2018 18:32",0.32263724,9,-164
"175",2018,"220SAL","11/05/2018","SAL",-10,127,"forest-experimental light","21/05/2018",6,5,5,10.37804878,"11/05/2018 05:14","11/05/2018 22:02",0.807908903,2,44
"176",2018,"220SAL","12/05/2018","SAL",-9,127,"forest-experimental light","21/05/2018",6,5,5,12.54789126,"12/05/2018 05:32","12/05/2018 18:50",1.025810244,22,-150
"177",2018,"220SAL","13/05/2018","SAL",-8,127,"forest-experimental light","21/05/2018",6,5,5,12.53939736,"13/05/2018 05:35","13/05/2018 19:02",1.869270318,26,-140
"178",2018,"220SAL","14/05/2018","SAL",-7,127,"forest-experimental light","21/05/2018",6,5,5,13.4839065,"14/05/2018 05:29","14/05/2018 19:20",1.741597048,22,-123
"179",2018,"220SAL","15/05/2018","SAL",-6,127,"forest-experimental light","21/05/2018",6,5,5,12.61184451,"15/05/2018 05:35","15/05/2018 19:14",1.646883856,30,-131
"180",2018,"220SAL","16/05/2018","SAL",-5,127,"forest-experimental light","21/05/2018",6,5,5,12.67773069,"16/05/2018 05:29","16/05/2018 19:26",2.258396155,26,-121
"181",2018,"220SAL","17/05/2018","SAL",-4,127,"forest-experimental light","21/05/2018",6,5,5,14.15205996,"17/05/2018 05:20","17/05/2018 21:02",3.367591343,19,-27
"182",2018,"220SAL","19/05/2018","SAL",-2,127,"forest-experimental light","21/05/2018",6,5,5,14.98977134,"19/05/2018 05:23","19/05/2018 19:26",2.707885811,25,-127
"183",2018,"220SAL","20/05/2018","SAL",-1,127,"forest-experimental light","21/05/2018",6,5,5,14.09295732,"20/05/2018 05:29","20/05/2018 18:53",NA,33,-161
"184",2018,"221SAL","08/05/2018","SAL",-9,125,"forest-control","17/05/2018",6,3,3,11.49036687,"08/05/2018 05:57","08/05/2018 17:33",3.270843418,38,-219
"185",2018,"221SAL","09/05/2018","SAL",-8,125,"forest-control","17/05/2018",6,3,3,9.005113821,"09/05/2018 05:48","09/05/2018 18:51",1.986230617,31,-143
"186",2018,"221SAL","10/05/2018","SAL",-7,125,"forest-control","17/05/2018",6,3,3,9.86685874,"10/05/2018 05:51","10/05/2018 19:09",0.979137521,37,-127
"187",2018,"221SAL","11/05/2018","SAL",-6,125,"forest-control","17/05/2018",6,3,3,10.37804878,"11/05/2018 06:06","11/05/2018 18:09",0.389731698,54,-189
"188",2018,"221SAL","12/05/2018","SAL",-5,125,"forest-control","17/05/2018",6,3,3,12.54789126,"12/05/2018 05:39","12/05/2018 17:18",0.345944361,29,-242
"189",2018,"221SAL","13/05/2018","SAL",-4,125,"forest-control","17/05/2018",6,3,3,12.53939736,"13/05/2018 05:36","13/05/2018 18:42",0.447025875,27,-160
"190",2018,"221SAL","14/05/2018","SAL",-3,125,"forest-control","17/05/2018",6,3,3,13.4839065,"14/05/2018 05:21","14/05/2018 19:03",0.776081032,14,-140
"191",2018,"221SAL","15/05/2018","SAL",-2,125,"forest-control","17/05/2018",6,3,3,12.61184451,"15/05/2018 05:42","15/05/2018 18:48",0.295310587,37,-157
"192",2018,"221SAL","16/05/2018","SAL",-1,125,"forest-control","17/05/2018",6,3,3,12.67773069,"16/05/2018 05:21","16/05/2018 18:45",NA,18,-162
"193",2018,"244SAL","14/05/2018","SAL",-15,132,"forest-control","29/05/2018",8,7,7,13.4839065,"14/05/2018 05:03","14/05/2018 19:45",1.004528464,-4,-98
"194",2018,"244SAL","15/05/2018","SAL",-14,132,"forest-control","29/05/2018",8,7,7,12.61184451,"15/05/2018 05:09","15/05/2018 19:51",0.824925386,4,-94
"195",2018,"244SAL","16/05/2018","SAL",-13,132,"forest-control","29/05/2018",8,7,7,12.67773069,"16/05/2018 05:09","16/05/2018 19:21",0.650928494,6,-126
"196",2018,"244SAL","17/05/2018","SAL",-12,132,"forest-control","29/05/2018",8,7,7,14.15205996,"17/05/2018 04:42","17/05/2018 19:45",1.176200583,-19,-104
"197",2018,"244SAL","18/05/2018","SAL",-11,132,"forest-control","29/05/2018",8,7,7,13.61612093,"18/05/2018 05:06","18/05/2018 19:12",1.459013902,7,-139
"198",2018,"244SAL","19/05/2018","SAL",-10,132,"forest-control","29/05/2018",8,7,7,14.98977134,"19/05/2018 05:12","19/05/2018 19:27",1.10665889,14,-126
"199",2018,"244SAL","20/05/2018","SAL",-9,132,"forest-control","29/05/2018",8,7,7,14.09295732,"20/05/2018 05:18","20/05/2018 19:39",0.629330493,22,-115
"200",2018,"244SAL","21/05/2018","SAL",-8,132,"forest-control","29/05/2018",8,7,7,13.96913516,"21/05/2018 05:21","21/05/2018 19:15",0.795533362,27,-141
"201",2018,"244SAL","22/05/2018","SAL",-7,132,"forest-control","29/05/2018",8,7,7,12.88903862,"22/05/2018 05:42","22/05/2018 19:36",0.660586762,49,-122
"202",2018,"244SAL","23/05/2018","SAL",-6,132,"forest-control","29/05/2018",8,7,7,13.51568394,"23/05/2018 05:24","23/05/2018 15:12",NA,33,-388
"203",2018,"245SAL","11/05/2018","SAL",-15,131,"forest-experimental light","26/05/2018",8,7,7,10.37804878,"11/05/2018 04:52","11/05/2018 18:40",9.732557505,-20,-158
"204",2018,"245SAL","12/05/2018","SAL",-14,131,"forest-experimental light","26/05/2018",8,7,7,12.54789126,"12/05/2018 04:37","12/05/2018 18:43",0.710270338,-33,-157
"205",2018,"245SAL","13/05/2018","SAL",-13,131,"forest-experimental light","26/05/2018",8,7,7,12.53939736,"13/05/2018 04:55","13/05/2018 19:19",1.408201113,-14,-123
"206",2018,"245SAL","14/05/2018","SAL",-12,131,"forest-experimental light","26/05/2018",8,7,7,13.4839065,"14/05/2018 05:22","14/05/2018 18:34",0.929871364,15,-169
"207",2018,"245SAL","15/05/2018","SAL",-11,131,"forest-experimental light","26/05/2018",8,7,7,12.61184451,"15/05/2018 05:28","15/05/2018 18:49",1.180957299,23,-156
"208",2018,"245SAL","16/05/2018","SAL",-10,131,"forest-experimental light","26/05/2018",8,7,7,12.67773069,"16/05/2018 05:22","16/05/2018 19:28",0.71135586,19,-119
"209",2018,"245SAL","17/05/2018","SAL",-9,131,"forest-experimental light","26/05/2018",8,7,7,14.15205996,"17/05/2018 05:22","17/05/2018 17:28",1.063982699,21,-241
"210",2018,"245SAL","18/05/2018","SAL",-8,131,"forest-experimental light","26/05/2018",8,7,7,13.61612093,"18/05/2018 05:37","18/05/2018 19:16",0.359284558,38,-135
"211",2018,"245SAL","19/05/2018","SAL",-7,131,"forest-experimental light","26/05/2018",8,7,7,14.98977134,"19/05/2018 05:34","19/05/2018 18:40",0.365679374,36,-173
"212",2018,"245SAL","20/05/2018","SAL",-6,131,"forest-experimental light","26/05/2018",8,7,7,14.09295732,"20/05/2018 05:37","20/05/2018 19:16",0.40807851,41,-138
"213",2018,"245SAL","21/05/2018","SAL",-5,131,"forest-experimental light","26/05/2018",8,7,7,13.96913516,"21/05/2018 04:37","21/05/2018 18:25",0.331509705,-17,-191
"214",2018,"245SAL","22/05/2018","SAL",-4,131,"forest-experimental light","26/05/2018",8,7,7,12.88903862,"22/05/2018 05:43","22/05/2018 18:13",1.372482006,50,-205
"215",2018,"245SAL","23/05/2018","SAL",-3,131,"forest-experimental light","26/05/2018",8,7,7,13.51568394,"23/05/2018 05:28","23/05/2018 09:25",NA,37,-735
"216",2018,"265SAL","08/05/2018","SAL",-15,130,"forest-experimental light","23/05/2018",9,7,7,11.49036687,"08/05/2018 05:25","08/05/2018 17:13",0.848741192,6,-239
"217",2018,"265SAL","09/05/2018","SAL",-14,130,"forest-experimental light","23/05/2018",9,7,7,9.005113821,"09/05/2018 05:01","09/05/2018 18:49",1.669161307,-16,-145
"218",2018,"265SAL","10/05/2018","SAL",-13,130,"forest-experimental light","23/05/2018",9,7,7,9.86685874,"10/05/2018 05:22","10/05/2018 18:43",4.42808321,8,-153
"219",2018,"265SAL","11/05/2018","SAL",-12,130,"forest-experimental light","23/05/2018",9,7,7,10.37804878,"11/05/2018 05:34","11/05/2018 16:49",0.379504292,22,-269
"220",2018,"265SAL","12/05/2018","SAL",-11,130,"forest-experimental light","23/05/2018",9,7,7,12.54789126,"12/05/2018 05:31","12/05/2018 18:22",0.3079887,21,-178
"221",2018,"265SAL","13/05/2018","SAL",-10,130,"forest-experimental light","23/05/2018",9,7,7,12.53939736,"13/05/2018 05:55","13/05/2018 19:01",1.025560215,46,-141
"222",2018,"265SAL","17/05/2018","SAL",-6,130,"forest-experimental light","23/05/2018",9,7,7,14.15205996,"17/05/2018 04:40","17/05/2018 18:25",0.427438866,-21,-184
"223",2018,"265SAL","20/05/2018","SAL",-3,130,"forest-experimental light","23/05/2018",9,7,7,14.09295732,"20/05/2018 05:25","20/05/2018 18:10",0.45309056,29,-204
"224",2018,"265SAL","21/05/2018","SAL",-2,130,"forest-experimental light","23/05/2018",9,7,7,13.96913516,"21/05/2018 05:28","21/05/2018 18:34",0.408103755,34,-182
"225",2018,"265SAL","22/05/2018","SAL",-1,130,"forest-experimental light","23/05/2018",9,7,7,12.88903862,"22/05/2018 05:52","22/05/2018 18:07",NA,59,-211
"226",2018,"155FS","19/05/2018","SCENE",-9,134,"forest-control","28/05/2018",5,3,3,14.70426786,"19/05/2018 06:00","19/05/2018 18:44",1.2572773,62,-169
"227",2018,"155FS","20/05/2018","SCENE",-8,134,"forest-control","28/05/2018",5,3,3,13.5409881,"20/05/2018 05:48","20/05/2018 19:18",0.527967475,52,-136
"228",2018,"155FS","21/05/2018","SCENE",-7,134,"forest-control","28/05/2018",5,3,3,13.32951587,"21/05/2018 05:42","21/05/2018 20:50",1.055900258,48,-46
"229",2018,"155FS","22/05/2018","SCENE",-6,134,"forest-control","28/05/2018",5,3,3,12.2631369,"22/05/2018 06:00","22/05/2018 19:04",0.973661993,67,-154
"230",2018,"155FS","23/05/2018","SCENE",-5,134,"forest-control","28/05/2018",5,3,3,13.38371825,"23/05/2018 05:46","23/05/2018 18:28",0.671708196,55,-192
"231",2018,"155FS","24/05/2018","SCENE",-4,134,"forest-control","28/05/2018",5,3,3,14.42866071,"24/05/2018 05:26","24/05/2018 18:50",0.474224102,36,-171
"232",2018,"155FS","25/05/2018","SCENE",-3,134,"forest-control","28/05/2018",5,3,3,16.5417619,"25/05/2018 05:34","25/05/2018 18:50",0.363857484,46,-173
"233",2018,"155FS","26/05/2018","SCENE",-2,134,"forest-control","28/05/2018",5,3,3,18.12416071,"26/05/2018 05:44","26/05/2018 18:24",0.457515467,57,-201
"234",2018,"155FS","27/05/2018","SCENE",-1,134,"forest-control","28/05/2018",5,3,3,18.06938889,"27/05/2018 05:44","27/05/2018 19:08",NA,59,-158
"235",2018,"15DL","05/05/2018","SCENE",-14,126,"forest-experimental light","19/05/2018",7,6,6,10.77045437,"05/05/2018 05:21","05/05/2018 19:12",1.255416566,-4,-114
"236",2018,"15DL","06/05/2018","SCENE",-13,126,"forest-experimental light","19/05/2018",7,6,6,12.84868651,"06/05/2018 05:45","06/05/2018 18:48",0.350625219,22,-140
"237",2018,"15DL","08/05/2018","SCENE",-11,126,"forest-experimental light","19/05/2018",7,6,6,11.34328571,"08/05/2018 04:57","08/05/2018 17:57",0.356634272,-22,-195
"238",2018,"15DL","09/05/2018","SCENE",-10,126,"forest-experimental light","19/05/2018",7,6,6,9.116279762,"09/05/2018 05:18","09/05/2018 19:06",0.887303186,1,-128
"239",2018,"15DL","10/05/2018","SCENE",-9,126,"forest-experimental light","19/05/2018",7,6,6,9.774095238,"10/05/2018 05:12","10/05/2018 18:12",2.38415379,-2,-184
"240",2018,"15DL","11/05/2018","SCENE",-8,126,"forest-experimental light","19/05/2018",7,6,6,9.933468254,"11/05/2018 05:18","11/05/2018 18:06",1.524897994,6,-192
"241",2018,"15DL","12/05/2018","SCENE",-7,126,"forest-experimental light","19/05/2018",7,6,6,11.95923016,"12/05/2018 05:18","12/05/2018 17:51",0.758820281,8,-209
"242",2018,"15DL","14/05/2018","SCENE",-5,126,"forest-experimental light","19/05/2018",7,6,6,12.98205357,"14/05/2018 05:24","14/05/2018 18:15",1.042038417,17,-188
"243",2018,"15DL","15/05/2018","SCENE",-4,126,"forest-experimental light","19/05/2018",7,6,6,12.8097877,"15/05/2018 05:30","15/05/2018 18:39",1.926661902,25,-166
"244",2018,"15DL","16/05/2018","SCENE",-3,126,"forest-experimental light","19/05/2018",7,6,6,12.24772619,"16/05/2018 05:12","16/05/2018 18:48",1.641534445,9,-159
"245",2018,"15DL","17/05/2018","SCENE",-2,126,"forest-experimental light","19/05/2018",7,6,6,12.8504246,"17/05/2018 05:12","17/05/2018 17:45",0.753109093,11,-224
"246",2018,"15DL","18/05/2018","SCENE",-1,126,"forest-experimental light","19/05/2018",7,6,6,12.83154365,"18/05/2018 05:06","18/05/2018 18:24",NA,7,-187
"247",2018,"188PEN","11/05/2018","SCENE",-15,131,"forest-control","26/05/2018",8,6,6,9.933468254,"11/05/2018 04:35","11/05/2018 19:08",0.68978992,-37,-130
"248",2018,"188PEN","12/05/2018","SCENE",-14,131,"forest-control","26/05/2018",8,6,6,11.95923016,"12/05/2018 05:26","12/05/2018 18:35",0.196325368,16,-165
"249",2018,"188PEN","13/05/2018","SCENE",-13,131,"forest-control","26/05/2018",8,6,6,12.27401389,"13/05/2018 05:29","13/05/2018 19:26",0.338452665,20,-116
"250",2018,"188PEN","14/05/2018","SCENE",-12,131,"forest-control","26/05/2018",8,6,6,12.98205357,"14/05/2018 05:23","14/05/2018 19:14",0.191469452,16,-129
"251",2018,"188PEN","15/05/2018","SCENE",-11,131,"forest-control","26/05/2018",8,6,6,12.8097877,"15/05/2018 05:23","15/05/2018 19:14",0.255070948,18,-131
"252",2018,"188PEN","16/05/2018","SCENE",-10,131,"forest-control","26/05/2018",8,6,6,12.24772619,"16/05/2018 05:20",NA,NA,17,NA
"253",2018,"315DL","17/05/2018","SCENE",-9,131,"forest-experimental light","26/05/2018",8,5,5,12.8504246,"17/05/2018 05:07","17/05/2018 18:49",0.214217646,6,-160
"254",2018,"315DL","18/05/2018","SCENE",-8,131,"forest-experimental light","26/05/2018",8,5,5,12.83154365,"18/05/2018 05:01","18/05/2018 19:22",0.207853258,2,-129
"255",2018,"315DL","19/05/2018","SCENE",-7,131,"forest-experimental light","26/05/2018",8,5,5,14.70426786,"19/05/2018 04:52","19/05/2018 19:25",0.358982667,-6,-128
"256",2018,"315DL","20/05/2018","SCENE",-6,131,"forest-experimental light","26/05/2018",8,5,5,13.5409881,"20/05/2018 05:04","20/05/2018 19:31",0.171960887,8,-123
"257",2018,"315DL","21/05/2018","SCENE",-5,131,"forest-experimental light","26/05/2018",8,5,5,13.32951587,"21/05/2018 05:04","21/05/2018 19:13",0.208513826,10,-143
"258",2018,"315DL","22/05/2018","SCENE",-4,131,"forest-experimental light","26/05/2018",8,5,5,12.2631369,"22/05/2018 05:25","22/05/2018 19:46",0.575300183,32,-112
"259",2018,"315DL","23/05/2018","SCENE",-3,131,"forest-experimental light","26/05/2018",8,5,5,13.38371825,"23/05/2018 05:10","23/05/2018 19:52",0.563269225,19,-108
"260",2018,"315DL","24/05/2018","SCENE",-2,131,"forest-experimental light","26/05/2018",8,5,5,14.42866071,"24/05/2018 05:43","24/05/2018 19:07",0.320799978,53,-154
"261",2018,"315DL","25/05/2018","SCENE",-1,131,"forest-experimental light","26/05/2018",8,5,5,16.5417619,"25/05/2018 04:58","25/05/2018 19:37",0.441596563,10,-126
"262",2018,"316DL","17/05/2018","SCENE",-7,130,"forest-control","24/05/2018",9,4,4,12.8504246,"17/05/2018 05:59","17/05/2018 19:38",0.146680608,58,-111
"263",2018,"316DL","18/05/2018","SCENE",-6,130,"forest-control","24/05/2018",9,4,4,12.83154365,"18/05/2018 05:47","18/05/2018 19:35",0.187506083,48,-116
"264",2018,"316DL","19/05/2018","SCENE",-5,130,"forest-control","24/05/2018",9,4,4,14.70426786,"19/05/2018 05:29","19/05/2018 19:59",0.163309159,31,-94
"265",2018,"316DL","20/05/2018","SCENE",-4,130,"forest-control","24/05/2018",9,4,4,13.5409881,"20/05/2018 04:53","20/05/2018 20:05",0.163015831,-3,-89
"266",2018,"316DL","21/05/2018","SCENE",-3,130,"forest-control","24/05/2018",9,4,4,13.32951587,"21/05/2018 05:02","21/05/2018 19:14",0.177925947,8,-142
"267",2018,"316DL","22/05/2018","SCENE",-2,130,"forest-control","24/05/2018",9,4,4,12.2631369,"22/05/2018 04:41","22/05/2018 18:08",0.759274331,-12,-210
"268",2018,"316DL","23/05/2018","SCENE",-1,130,"forest-control","24/05/2018",9,4,4,13.38371825,"23/05/2018 06:14","23/05/2018 18:56",NA,83,-164
"269",2018,"71ST","20/05/2018","SCENE",-5,132,"forest-experimental light","25/05/2018",7,7,NA,13.5409881,"20/05/2018 05:17","20/05/2018 19:17",2.169449594,21,-137
"270",2018,"71ST","21/05/2018","SCENE",-4,132,"forest-experimental light","25/05/2018",7,7,NA,13.32951587,"21/05/2018 05:29","21/05/2018 18:44",1.425122779,35,-172
"271",2018,"71ST","24/05/2018","SCENE",-1,132,"forest-experimental light","25/05/2018",7,7,NA,14.42866071,"24/05/2018 05:53","24/05/2018 19:05",NA,63,-156
"272",2018,"8DL","07/05/2018","SCENE",-15,125,"forest-control","22/05/2018",5,2,2,14.06365675,"07/05/2018 05:45","07/05/2018 19:54",0.691597237,24,-76
"273",2018,"8DL","08/05/2018","SCENE",-14,125,"forest-control","22/05/2018",5,2,2,11.34328571,"08/05/2018 05:33","08/05/2018 19:51",0.816356013,14,-81
"274",2018,"8DL","09/05/2018","SCENE",-13,125,"forest-control","22/05/2018",5,2,2,9.116279762,"09/05/2018 05:30","09/05/2018 18:39",6.29937383,13,-155
"275",2018,"8DL","10/05/2018","SCENE",-12,125,"forest-control","22/05/2018",5,2,2,9.774095238,"10/05/2018 05:06","10/05/2018 18:54",4.13322862,-8,-142
"276",2018,"8DL","11/05/2018","SCENE",-11,125,"forest-control","22/05/2018",5,2,2,9.933468254,"11/05/2018 04:39","11/05/2018 18:12",2.185192131,-33,-186
"277",2018,"8DL","12/05/2018","SCENE",-10,125,"forest-control","22/05/2018",5,2,2,11.95923016,"12/05/2018 05:15","12/05/2018 18:51",2.404696635,5,-149
"278",2018,"8DL","13/05/2018","SCENE",-9,125,"forest-control","22/05/2018",5,2,2,12.27401389,"13/05/2018 05:36","13/05/2018 20:00",1.573859107,27,-82
"279",2018,"8DL","14/05/2018","SCENE",-8,125,"forest-control","22/05/2018",5,2,2,12.98205357,"14/05/2018 06:00","14/05/2018 18:30",1.21982162,53,-173
"280",2018,"8DL","15/05/2018","SCENE",-7,125,"forest-control","22/05/2018",5,2,2,12.8097877,"15/05/2018 05:48","15/05/2018 19:15",0.927833931,43,-130
"281",2018,"8DL","16/05/2018","SCENE",-6,125,"forest-control","22/05/2018",5,2,2,12.24772619,"16/05/2018 05:42","16/05/2018 19:12",0.751655296,39,-135
"282",2018,"8DL","17/05/2018","SCENE",-5,125,"forest-control","22/05/2018",5,2,2,12.8504246,"17/05/2018 05:33","17/05/2018 18:15",1.664207556,32,-194
"283",2018,"8DL","18/05/2018","SCENE",-4,125,"forest-control","22/05/2018",5,2,2,12.83154365,"18/05/2018 05:39","18/05/2018 18:57",1.740524125,40,-154
"284",2018,"8DL","19/05/2018","SCENE",-3,125,"forest-control","22/05/2018",5,2,2,14.70426786,"19/05/2018 05:24","19/05/2018 19:18",1.3860602,26,-135
"285",2018,"8DL","20/05/2018","SCENE",-2,125,"forest-control","22/05/2018",5,2,2,13.5409881,"20/05/2018 05:24","20/05/2018 19:33",1.827997675,28,-121
"286",2018,"8DL","21/05/2018","SCENE",-1,125,"forest-control","22/05/2018",5,2,2,13.32951587,"21/05/2018 05:39","21/05/2018 20:00",NA,45,-96
"287",2018,"99ST","18/05/2018","SCENE",-9,132,"forest-control","27/05/2018",7,6,6,12.83154365,"18/05/2018 05:32","18/05/2018 18:44",0.379335997,33,-167
"288",2018,"99ST","19/05/2018","SCENE",-8,132,"forest-control","27/05/2018",7,6,6,14.70426786,"19/05/2018 05:32","19/05/2018 18:23",0.318530438,34,-190
"289",2018,"99ST","20/05/2018","SCENE",-7,132,"forest-control","27/05/2018",7,6,6,13.5409881,"20/05/2018 05:35","20/05/2018 18:47",0.600267103,39,-167
"290",2018,"99ST","21/05/2018","SCENE",-6,132,"forest-control","27/05/2018",7,6,6,13.32951587,"21/05/2018 05:20","21/05/2018 18:32",0.683724836,26,-184
"291",2018,"99ST","22/05/2018","SCENE",-5,132,"forest-control","27/05/2018",7,6,6,12.2631369,"22/05/2018 05:50","22/05/2018 18:53",0.251028571,57,-165
"292",2018,"99ST","23/05/2018","SCENE",-4,132,"forest-control","27/05/2018",7,6,6,13.38371825,"23/05/2018 05:47","23/05/2018 17:38",0.832177354,56,-242
"293",2018,"99ST","24/05/2018","SCENE",-3,132,"forest-control","27/05/2018",7,6,6,14.42866071,"24/05/2018 05:38","24/05/2018 17:41",1.104585159,48,-240
"294",2018,"99ST","25/05/2018","SCENE",-2,132,"forest-control","27/05/2018",7,6,6,16.5417619,"25/05/2018 05:32","25/05/2018 17:38",0.267549582,44,-245
"295",2018,"99ST","26/05/2018","SCENE",-1,132,"forest-control","27/05/2018",7,6,6,18.12416071,"26/05/2018 05:08","26/05/2018 17:17",NA,21,-268
