year,box,date,percentage_in,first_offbout,last_onbout,day.mean,day.var,night.mean,night.var,site,hatching_date,inc_start,type,sunrise,sunset,activity_onset_relative,activity_end_relative,inc_length,meantemp,mintemp,maxtemp,clutch_size,hatchlings,fledglings,avg_fledgling_weight
2018,12CASH,13/05/2018,74.375,13/05/2018 05:42,13/05/2018 20:09,27.43040897,33.53442278,26.55162245,5.106262588,CASH,25/05/2018,11/05/2018,forest-experimental light,13/05/2018 05:09,13/05/2018 21:22,33,-73,14,13.74913492,4.9,22.423,8,8,8,UNKNOWN
2018,12CASH,14/05/2018,91.04166667,14/05/2018 05:24,14/05/2018 19:18,29.0644934,19.93268525,28.25053846,1.683015729,CASH,25/05/2018,11/05/2018,forest-experimental light,14/05/2018 05:07,14/05/2018 21:23,17,-125,14,14.01202381,0.9,24.424,8,8,8,UNKNOWN
2018,12CASH,16/05/2018,94.64882943,16/05/2018 05:36,16/05/2018 13:00,27.89964706,11.20713924,NA,NA,CASH,25/05/2018,11/05/2018,forest-experimental light,16/05/2018 05:03,16/05/2018 21:27,33,-507,14,13.14409722,0.4,23.048,8,8,8,UNKNOWN
2018,12CASH,20/05/2018,84.79166667,20/05/2018 05:39,20/05/2018 19:33,35.93692612,9.909182016,36.24394898,0.272055657,CASH,25/05/2018,11/05/2018,forest-experimental light,20/05/2018 04:56,20/05/2018 21:34,43,-121,14,11.88902632,10.8,13.973,8,8,8,UNKNOWN
2018,12CASH,21/05/2018,84.79166667,21/05/2018 05:48,21/05/2018 21:15,35.59581266,10.13817463,36.33310204,0.327435783,CASH,25/05/2018,11/05/2018,forest-experimental light,21/05/2018 04:54,21/05/2018 21:36,54,-21,14,14.99637698,9.4,20.234,8,8,8,UNKNOWN
2018,12CASH,22/05/2018,80.625,22/05/2018 05:54,22/05/2018 19:21,34.65793931,27.21175105,36.00589796,0.519482422,CASH,25/05/2018,11/05/2018,forest-experimental light,22/05/2018 04:53,22/05/2018 21:38,61,-137,14,14.39243056,7.3,18.794,8,8,8,UNKNOWN
2018,12CASH,23/05/2018,80.20833333,23/05/2018 05:42,23/05/2018 19:33,35.23372823,13.09223789,35.74933673,0.23648705,CASH,25/05/2018,11/05/2018,forest-experimental light,23/05/2018 04:51,23/05/2018 21:40,51,-127,14,16.1397004,8.6,25.924,8,8,8,UNKNOWN
2018,12CASH,24/05/2018,84.79166667,24/05/2018 05:36,24/05/2018 19:45,32.19548549,18.58736001,NA,NA,CASH,25/05/2018,11/05/2018,forest-experimental light,24/05/2018 04:50,24/05/2018 21:41,46,-116,14,16.7061746,6.3,27.548,8,8,8,UNKNOWN
2018,20CASH,07/05/2018,59.79166667,07/05/2018 04:38,07/05/2018 18:20,23.85455526,79.14770544,29.563,0.474596869,CASH,21/05/2018,05/05/2018,forest-experimental light,07/05/2018 05:21,07/05/2018 21:10,-43,-170,16,14.60371429,8.5,23.924,8,7,7,UNKNOWN
2018,20CASH,08/05/2018,51.04166667,08/05/2018 04:17,08/05/2018 17:44,18.63118421,54.69510506,27.81888,0.258229339,CASH,21/05/2018,05/05/2018,forest-experimental light,08/05/2018 05:19,08/05/2018 21:12,-62,-208,16,11.28572421,4,16.102,8,7,7,UNKNOWN
2018,20CASH,09/05/2018,42.5,09/05/2018 04:29,09/05/2018 18:17,15.39271316,62.26862412,28.71787,0.407082377,CASH,21/05/2018,05/05/2018,forest-experimental light,09/05/2018 05:17,09/05/2018 21:14,-48,-177,16,8.897212302,5.1,11.968,8,7,7,UNKNOWN
2018,20CASH,10/05/2018,58.95833333,10/05/2018 05:11,10/05/2018 17:35,21.30321579,108.1449003,33.7457,0.883960455,CASH,21/05/2018,05/05/2018,forest-experimental light,10/05/2018 05:14,10/05/2018 21:16,-3,-221,16,9.976855159,3.2,21.985,8,7,7,UNKNOWN
2018,20CASH,11/05/2018,58.54166667,11/05/2018 05:08,11/05/2018 18:32,23.81972368,106.0722427,34.00597,0.691186918,CASH,21/05/2018,05/05/2018,forest-experimental light,11/05/2018 05:12,11/05/2018 21:18,-4,-166,16,10.7394623,4.9,15.226,8,7,7,UNKNOWN
2018,20CASH,12/05/2018,80.41666667,12/05/2018 04:59,12/05/2018 18:17,32.53929737,13.6406122,34.31425,1.018711947,CASH,21/05/2018,05/05/2018,forest-experimental light,12/05/2018 05:10,12/05/2018 21:20,-11,-183,16,13.2566627,2.7,22.548,8,7,7,UNKNOWN
2018,20CASH,13/05/2018,73.95833333,13/05/2018 05:23,13/05/2018 18:26,29.95367632,82.02393295,34.51087,0.96764672,CASH,21/05/2018,05/05/2018,forest-experimental light,13/05/2018 05:09,13/05/2018 21:22,14,-176,16,13.74913492,4.9,22.423,8,7,7,UNKNOWN
2018,20CASH,14/05/2018,88.95833333,14/05/2018 05:17,14/05/2018 18:29,33.448,6.407729282,33.72508,1.044942781,CASH,21/05/2018,05/05/2018,forest-experimental light,14/05/2018 05:07,14/05/2018 21:23,10,-174,16,14.01202381,0.9,24.424,8,7,7,UNKNOWN
2018,20CASH,15/05/2018,84.58333333,15/05/2018 05:14,15/05/2018 19:23,32.17253158,4.720595242,32.33738,1.216827632,CASH,21/05/2018,05/05/2018,forest-experimental light,15/05/2018 05:05,15/05/2018 21:25,9,-122,16,13.39108333,4.7,19.608,8,7,7,UNKNOWN
2018,20CASH,16/05/2018,84.58333333,16/05/2018 04:38,16/05/2018 19:53,32.13468684,7.200741593,33.35806,0.785608097,CASH,21/05/2018,05/05/2018,forest-experimental light,16/05/2018 05:03,16/05/2018 21:27,-25,-94,16,13.14409722,0.4,23.048,8,7,7,UNKNOWN
2018,20CASH,17/05/2018,85.625,17/05/2018 05:14,17/05/2018 19:23,33.53866842,6.392817784,34.89665,0.073076028,CASH,21/05/2018,05/05/2018,forest-experimental light,17/05/2018 05:01,17/05/2018 21:29,13,-126,16,10.63960265,0.5,18.481,8,7,7,UNKNOWN
2018,20CASH,18/05/2018,80.625,18/05/2018 05:14,18/05/2018 19:32,33.04107368,7.246857842,32.93102,1.130841979,CASH,21/05/2018,05/05/2018,forest-experimental light,18/05/2018 04:59,18/05/2018 21:31,15,-119,16,9.741666667,2.1,17.1,8,7,7,UNKNOWN
2018,20CASH,19/05/2018,85.625,19/05/2018 05:20,19/05/2018 19:05,32.81816053,4.571830214,32.66951,0.622509667,CASH,21/05/2018,05/05/2018,forest-experimental light,19/05/2018 04:58,19/05/2018 21:33,22,-148,16,11.63333333,3.7,18,8,7,7,UNKNOWN
2018,20CASH,20/05/2018,84.79166667,20/05/2018 05:32,20/05/2018 18:56,31.96759474,5.023979139,NA,NA,CASH,21/05/2018,05/05/2018,forest-experimental light,20/05/2018 04:56,20/05/2018 21:34,36,-158,16,11.88902632,10.8,13.973,8,7,7,UNKNOWN
2018,25CASH,18/05/2018,87.91666667,18/05/2018 05:35,18/05/2018 20:32,29.82762368,4.761517639,29.24005,1.242587745,CASH,23/05/2018,08/05/2018,forest-experimental light,18/05/2018 04:59,18/05/2018 21:31,36,-59,15,9.741666667,2.1,17.1,7,5,5,UNKNOWN
2018,25CASH,19/05/2018,88.125,19/05/2018 05:35,19/05/2018 20:47,29.32396316,4.569949508,29.0952,0.615040828,CASH,23/05/2018,08/05/2018,forest-experimental light,19/05/2018 04:58,19/05/2018 21:33,37,-46,15,11.63333333,3.7,18,7,5,5,UNKNOWN
2018,25CASH,20/05/2018,89.16666667,20/05/2018 04:32,20/05/2018 20:05,27.70025263,2.660394849,26.79086,0.753544202,CASH,23/05/2018,08/05/2018,forest-experimental light,20/05/2018 04:56,20/05/2018 21:34,-24,-89,15,11.88902632,10.8,13.973,7,5,5,UNKNOWN
2018,25CASH,21/05/2018,91.45833333,21/05/2018 05:38,21/05/2018 19:47,27.23167632,2.913162726,26.90322,1.375824678,CASH,23/05/2018,08/05/2018,forest-experimental light,21/05/2018 04:54,21/05/2018 21:36,44,-109,15,14.99637698,9.4,20.234,7,5,5,UNKNOWN
2018,25CASH,22/05/2018,87.29166667,22/05/2018 05:11,22/05/2018 19:11,27.04477895,3.858823603,NA,NA,CASH,23/05/2018,08/05/2018,forest-experimental light,22/05/2018 04:53,22/05/2018 21:38,18,-147,15,14.39243056,7.3,18.794,7,5,5,UNKNOWN
2018,407CASH,07/05/2018,47.5,07/05/2018 05:31,07/05/2018 22:01,20.60253421,44.72234523,26.36007,4.782290005,CASH,22/05/2018,10/05/2018,forest-control,07/05/2018 05:21,07/05/2018 21:10,10,51,12,14.60371429,8.5,23.924,8,0,0,NA
2018,407CASH,08/05/2018,40.83333333,08/05/2018 05:25,08/05/2018 19:37,15.97928947,23.25952095,20.05252,4.088676697,CASH,22/05/2018,10/05/2018,forest-control,08/05/2018 05:19,08/05/2018 21:12,6,-95,12,11.28572421,4,16.102,8,0,0,NA
2018,407CASH,09/05/2018,45.83333333,09/05/2018 05:58,09/05/2018 19:01,13.89964474,26.53252845,24.02392,3.399994579,CASH,22/05/2018,10/05/2018,forest-control,09/05/2018 05:17,09/05/2018 21:14,41,-133,12,8.897212302,5.1,11.968,8,0,0,NA
2018,407CASH,10/05/2018,56.04166667,10/05/2018 05:31,10/05/2018 19:25,17.03209474,48.05927301,24.79358,2.167690832,CASH,22/05/2018,10/05/2018,forest-control,10/05/2018 05:14,10/05/2018 21:16,17,-111,12,9.976855159,3.2,21.985,8,0,0,NA
2018,407CASH,11/05/2018,61.25,11/05/2018 05:28,11/05/2018 19:10,18.39665,33.55626923,24.5974,1.493216862,CASH,22/05/2018,10/05/2018,forest-control,11/05/2018 05:12,11/05/2018 21:18,16,-128,12,10.7394623,4.9,15.226,8,0,0,NA
2018,407CASH,13/05/2018,87.08333333,13/05/2018 05:25,13/05/2018 18:46,26.08147105,6.623622223,23.52685,0.94679931,CASH,22/05/2018,10/05/2018,forest-control,13/05/2018 05:09,13/05/2018 21:22,16,-156,12,13.74913492,4.9,22.423,8,0,0,NA
2018,407CASH,15/05/2018,88.33333333,15/05/2018 05:43,15/05/2018 19:37,24.56255263,4.188030897,21.62613,4.175036639,CASH,22/05/2018,10/05/2018,forest-control,15/05/2018 05:05,15/05/2018 21:25,38,-108,12,13.39108333,4.7,19.608,8,0,0,NA
2018,407CASH,16/05/2018,79.09090909,16/05/2018 05:46,NA,21.83774074,9.221358691,NA,NA,CASH,22/05/2018,10/05/2018,forest-control,16/05/2018 05:03,16/05/2018 21:27,43,NA,12,13.14409722,0.4,23.048,8,0,0,NA
2018,416CASH,13/05/2018,68.75,13/05/2018 05:24,13/05/2018 19:45,26.96031926,82.32008103,33.30785714,0.475716392,CASH,26/05/2018,14/05/2018,forest-control,13/05/2018 05:09,13/05/2018 21:22,15,-97,12,13.74913492,4.9,22.423,9,7,7,18.18
2018,416CASH,14/05/2018,80.625,14/05/2018 05:33,14/05/2018 19:33,33.06998417,12.60865363,34.25321429,0.53673483,CASH,26/05/2018,14/05/2018,forest-control,14/05/2018 05:07,14/05/2018 21:23,26,-110,12,14.01202381,0.9,24.424,9,7,7,18.18
2018,416CASH,15/05/2018,85,15/05/2018 05:36,15/05/2018 19:51,33.7263562,9.13597869,34.36152041,0.372149324,CASH,26/05/2018,14/05/2018,forest-control,15/05/2018 05:05,15/05/2018 21:25,31,-94,12,13.39108333,4.7,19.608,9,7,7,18.18
2018,416CASH,16/05/2018,84.375,16/05/2018 05:33,16/05/2018 20:06,33.81972823,9.418715167,33.95705102,0.298784977,CASH,26/05/2018,14/05/2018,forest-control,16/05/2018 05:03,16/05/2018 21:27,30,-81,12,13.14409722,0.4,23.048,9,7,7,18.18
2018,416CASH,17/05/2018,86.45833333,17/05/2018 05:33,17/05/2018 19:21,34.04697625,7.729289272,34.10095918,0.688727421,CASH,26/05/2018,14/05/2018,forest-control,17/05/2018 05:01,17/05/2018 21:29,32,-128,12,10.63960265,0.5,18.481,9,7,7,18.18
2018,416CASH,18/05/2018,87.08333333,18/05/2018 05:54,18/05/2018 19:51,34.10215567,8.19464064,33.83342857,0.591788804,CASH,26/05/2018,14/05/2018,forest-control,18/05/2018 04:59,18/05/2018 21:31,55,-100,12,9.741666667,2.1,17.1,9,7,7,18.18
2018,416CASH,19/05/2018,85.41666667,19/05/2018 05:42,19/05/2018 18:33,34.07087863,7.832056308,34.3169898,0.26485535,CASH,26/05/2018,14/05/2018,forest-control,19/05/2018 04:58,19/05/2018 21:33,44,-180,12,11.63333333,3.7,18,9,7,7,18.18
2018,416CASH,20/05/2018,81.875,20/05/2018 05:30,20/05/2018 19:45,32.82169393,9.960839589,33.95118367,2.434661389,CASH,26/05/2018,14/05/2018,forest-control,20/05/2018 04:56,20/05/2018 21:34,34,-109,12,11.88902632,10.8,13.973,9,7,7,18.18
2018,416CASH,21/05/2018,88.33333333,21/05/2018 05:24,21/05/2018 19:39,33.26323747,6.969294658,33.85372449,1.640484181,CASH,26/05/2018,14/05/2018,forest-control,21/05/2018 04:54,21/05/2018 21:36,30,-117,12,14.99637698,9.4,20.234,9,7,7,18.18
2018,416CASH,22/05/2018,85.20833333,22/05/2018 05:54,22/05/2018 19:30,32.65429024,7.622008947,33.33259184,2.727192801,CASH,26/05/2018,14/05/2018,forest-control,22/05/2018 04:53,22/05/2018 21:38,61,-128,12,14.39243056,7.3,18.794,9,7,7,18.18
2018,416CASH,23/05/2018,88.125,23/05/2018 05:39,23/05/2018 20:27,32.51706596,7.769998258,32.3742551,3.715592522,CASH,26/05/2018,14/05/2018,forest-control,23/05/2018 04:51,23/05/2018 21:40,48,-73,12,16.1397004,8.6,25.924,9,7,7,18.18
2018,416CASH,24/05/2018,85,24/05/2018 06:00,NA,30.97972626,12.57183373,NA,NA,CASH,26/05/2018,14/05/2018,forest-control,24/05/2018 04:50,24/05/2018 21:41,70,NA,12,16.7061746,6.3,27.548,9,7,7,18.18
2018,425CASH,11/05/2018,40,11/05/2018 05:30,11/05/2018 19:54,14.05403166,16.00929576,25.03576531,1.267865913,CASH,26/05/2018,12/05/2018,forest-control,11/05/2018 05:12,11/05/2018 21:18,18,-84,14,10.7394623,4.9,15.226,8,8,8,18.93
2018,425CASH,12/05/2018,55.20833333,12/05/2018 05:12,12/05/2018 19:06,21.32023747,72.48061964,29.89895918,2.418389256,CASH,26/05/2018,12/05/2018,forest-control,12/05/2018 05:10,12/05/2018 21:20,2,-134,14,13.2566627,2.7,22.548,8,8,8,18.93
2018,425CASH,13/05/2018,68.95833333,13/05/2018 05:33,13/05/2018 18:51,25.26973087,78.9154098,29.09926531,1.740247084,CASH,26/05/2018,12/05/2018,forest-control,13/05/2018 05:09,13/05/2018 21:22,24,-151,14,13.74913492,4.9,22.423,8,8,8,18.93
2018,425CASH,14/05/2018,94.16666667,14/05/2018 05:24,14/05/2018 19:15,31.1305409,7.631714402,30.13285714,0.969726,CASH,26/05/2018,12/05/2018,forest-control,14/05/2018 05:07,14/05/2018 21:23,17,-128,14,14.01202381,0.9,24.424,8,8,8,18.93
2018,425CASH,15/05/2018,89.375,15/05/2018 05:21,15/05/2018 19:33,31.1748496,6.07429752,29.51291837,0.901128344,CASH,26/05/2018,12/05/2018,forest-control,15/05/2018 05:05,15/05/2018 21:25,16,-112,14,13.39108333,4.7,19.608,8,8,8,18.93
2018,425CASH,16/05/2018,87.88927336,16/05/2018 05:12,16/05/2018 14:03,30.10152632,7.143019325,NA,NA,CASH,26/05/2018,12/05/2018,forest-control,16/05/2018 05:03,16/05/2018 21:27,9,-444,14,13.14409722,0.4,23.048,8,8,8,18.93
2018,425CASH,20/05/2018,88.54166667,20/05/2018 05:24,20/05/2018 19:00,23.72194987,3.084562852,22.52094898,0.775245121,CASH,26/05/2018,12/05/2018,forest-control,20/05/2018 04:56,20/05/2018 21:34,28,-154,14,11.88902632,10.8,13.973,8,8,8,18.93
2018,425CASH,21/05/2018,89.16666667,21/05/2018 05:48,21/05/2018 17:39,24.46994459,4.985224317,23.01293878,0.673387522,CASH,26/05/2018,12/05/2018,forest-control,21/05/2018 04:54,21/05/2018 21:36,54,-237,14,14.99637698,9.4,20.234,8,8,8,18.93
2018,425CASH,22/05/2018,92.70833333,22/05/2018 06:03,22/05/2018 17:03,23.33206069,3.891241888,21.58534694,0.813956023,CASH,26/05/2018,12/05/2018,forest-control,22/05/2018 04:53,22/05/2018 21:38,70,-275,14,14.39243056,7.3,18.794,8,8,8,18.93
2018,425CASH,23/05/2018,87.74834437,23/05/2018 05:36,23/05/2018 14:54,22.46273859,3.999189511,NA,NA,CASH,26/05/2018,12/05/2018,forest-control,23/05/2018 04:51,23/05/2018 21:40,45,-406,14,16.1397004,8.6,25.924,8,8,8,18.93
2018,429CASH,06/05/2018,48.54166667,06/05/2018 05:19,06/05/2018 19:40,23.39590263,76.67605896,34.27948,0.244535444,CASH,20/05/2018,07/05/2018,forest-experimental light,06/05/2018 05:23,06/05/2018 21:08,-4,-88,13,13.28502183,9.272,21.36,7,6,6,UNKNOWN
2018,429CASH,07/05/2018,70.83333333,07/05/2018 05:49,07/05/2018 18:58,31.70272632,54.98732498,34.93621,0.095128935,CASH,20/05/2018,07/05/2018,forest-experimental light,07/05/2018 05:21,07/05/2018 21:10,28,-132,13,14.60371429,8.5,23.924,7,6,6,UNKNOWN
2018,429CASH,08/05/2018,84.58333333,08/05/2018 05:52,08/05/2018 19:13,34.13233158,16.26813526,35.4386,0.200740869,CASH,20/05/2018,07/05/2018,forest-experimental light,08/05/2018 05:19,08/05/2018 21:12,33,-119,13,11.28572421,4,16.102,7,6,6,UNKNOWN
2018,429CASH,09/05/2018,87.62886598,09/05/2018 05:40,NA,35.18237662,6.694802679,NA,NA,CASH,20/05/2018,07/05/2018,forest-experimental light,09/05/2018 05:17,09/05/2018 21:14,23,NA,13,8.897212302,5.1,11.968,7,6,6,UNKNOWN
2018,4CASH,20/05/2018,88.95833333,20/05/2018 05:33,20/05/2018 19:09,32.53566227,0.843739944,32.91542857,0.101362557,CASH,26/05/2018,10/05/2018,forest-control,20/05/2018 04:56,20/05/2018 21:34,37,-145,16,11.88902632,10.8,13.973,9,9,9,18.97
2018,4CASH,21/05/2018,87.5,21/05/2018 05:45,21/05/2018 19:06,32.70155937,1.338839919,32.58555102,0.052469075,CASH,26/05/2018,10/05/2018,forest-control,21/05/2018 04:54,21/05/2018 21:36,51,-150,16,14.99637698,9.4,20.234,9,9,9,18.97
2018,4CASH,22/05/2018,76.25,22/05/2018 06:00,22/05/2018 18:36,29.7428628,36.43470583,33.02308163,0.050947622,CASH,26/05/2018,10/05/2018,forest-control,22/05/2018 04:53,22/05/2018 21:38,67,-182,16,14.39243056,7.3,18.794,9,9,9,18.97
2018,4CASH,23/05/2018,87.08333333,23/05/2018 05:48,23/05/2018 18:27,33.56130871,2.145138479,33.27267347,0.084391604,CASH,26/05/2018,10/05/2018,forest-control,23/05/2018 04:51,23/05/2018 21:40,57,-193,16,16.1397004,8.6,25.924,9,9,9,18.97
2018,4CASH,24/05/2018,82.29166667,24/05/2018 05:27,24/05/2018 19:42,33.66239578,2.348980399,33.64066327,0.106296494,CASH,26/05/2018,10/05/2018,forest-control,24/05/2018 04:50,24/05/2018 21:41,37,-119,16,16.7061746,6.3,27.548,9,9,9,18.97
2018,4CASH,25/05/2018,84.79166667,25/05/2018 05:33,25/05/2018 20:24,34.13222691,2.339485123,NA,NA,CASH,26/05/2018,10/05/2018,forest-control,25/05/2018 04:48,25/05/2018 21:43,45,-79,16,18.09395238,5.5,29.797,9,9,9,18.97
2018,79CASH,14/05/2018,51.66666667,14/05/2018 06:02,14/05/2018 19:05,20.19297105,52.0804302,27.10278,22.20555856,CASH,29/05/2018,15/05/2018,forest-experimental light,14/05/2018 05:07,14/05/2018 21:23,55,-138,14,14.01202381,0.9,24.424,9,8,9,UNKNOWN
2018,79CASH,15/05/2018,50.625,15/05/2018 05:02,15/05/2018 19:44,19.46588684,29.04399532,23.16824,2.885495679,CASH,29/05/2018,15/05/2018,forest-experimental light,15/05/2018 05:05,15/05/2018 21:25,-3,-101,14,13.39108333,4.7,19.608,9,8,9,UNKNOWN
2018,79CASH,16/05/2018,63.75,16/05/2018 04:50,16/05/2018 18:23,22.28570263,81.20328652,24.31141,5.792665861,CASH,29/05/2018,15/05/2018,forest-experimental light,16/05/2018 05:03,16/05/2018 21:27,-13,-184,14,13.14409722,0.4,23.048,9,8,9,UNKNOWN
2018,79CASH,17/05/2018,77.17842324,17/05/2018 04:38,NA,20.02534807,66.26264603,NA,NA,CASH,29/05/2018,15/05/2018,forest-experimental light,17/05/2018 05:01,17/05/2018 21:29,-23,NA,14,10.63960265,0.5,18.481,9,8,9,UNKNOWN
2018,11GC,29/04/2018,55.41666667,29/04/2018 04:40,29/04/2018 18:34,21.77393158,128.4309751,33.6222,0.530513394,GC,14/05/2018,02/05/2018,urban,29/04/2018 05:38,29/04/2018 20:51,-58,-137,12,8.499462366,2.9,14.375,8,5,5,17.93
2018,11GC,30/04/2018,72.08333333,30/04/2018 05:19,30/04/2018 18:58,28.71501053,93.39677673,33.2612,1.26866796,GC,14/05/2018,02/05/2018,urban,30/04/2018 05:36,30/04/2018 20:53,-17,-115,12,9.36247043,0.7,19.445,8,5,5,17.93
2018,11GC,01/05/2018,76.04166667,01/05/2018 06:01,01/05/2018 18:19,29.08285526,85.12022872,34.52404,0.836746988,GC,14/05/2018,02/05/2018,urban,01/05/2018 05:33,01/05/2018 20:55,28,-156,12,8.481482527,1,12.245,8,5,5,17.93
2018,11GC,02/05/2018,92.08333333,02/05/2018 05:55,02/05/2018 18:10,34.1018,7.475249042,34.2605,0.646710798,GC,14/05/2018,02/05/2018,urban,02/05/2018 05:31,02/05/2018 20:57,24,-167,12,9.315354839,5.1,12.495,8,5,5,17.93
2018,11GC,03/05/2018,89.79166667,03/05/2018 06:01,03/05/2018 19:13,34.36262105,10.58429063,35.1373,0.337256111,GC,14/05/2018,02/05/2018,urban,03/05/2018 05:29,03/05/2018 20:59,32,-106,12,9.054801075,5.6,10.804,8,5,5,17.93
2018,11GC,04/05/2018,79.375,04/05/2018 05:58,04/05/2018 19:34,30.22882895,52.68833749,31.41488,0.73430047,GC,14/05/2018,02/05/2018,urban,04/05/2018 05:27,04/05/2018 21:01,31,-87,12,11.68089264,8.8,18.193,8,5,5,17.93
2018,11GC,05/05/2018,89.16666667,05/05/2018 06:01,05/05/2018 19:10,31.15137105,3.961157775,30.71151,0.725051323,GC,14/05/2018,02/05/2018,urban,05/05/2018 05:25,05/05/2018 21:03,36,-113,12,14.49772849,9.1,19.382,8,5,5,17.93
2018,11GC,06/05/2018,87.91666667,06/05/2018 05:55,06/05/2018 19:43,31.16263947,5.174172141,30.52219,0.583265509,GC,14/05/2018,02/05/2018,urban,06/05/2018 05:23,06/05/2018 21:05,32,-82,12,15.95214382,8.5,22.759,8,5,5,17.93
2018,11GC,07/05/2018,87.91666667,07/05/2018 05:58,07/05/2018 19:28,31.27265526,5.148646337,30.26166,0.578582025,GC,14/05/2018,02/05/2018,urban,07/05/2018 05:20,07/05/2018 21:07,38,-99,12,17.59761694,8.7,23.26,8,5,5,17.93
2018,11GC,08/05/2018,64.16666667,08/05/2018 05:37,08/05/2018 19:07,23.60992368,61.73067619,29.62817,1.051382547,GC,14/05/2018,02/05/2018,urban,08/05/2018 05:18,08/05/2018 21:09,19,-122,12,14.76496774,6.9,18.318,8,5,5,17.93
2018,11GC,09/05/2018,90.83333333,09/05/2018 05:43,09/05/2018 19:55,29.33025263,4.136386923,28.08423,0.472037431,GC,14/05/2018,02/05/2018,urban,09/05/2018 05:16,09/05/2018 21:11,27,-76,12,12.17156452,4.8,14.562,8,5,5,17.93
2018,11GC,10/05/2018,91.92825112,10/05/2018 05:43,NA,28.28596319,3.977698838,NA,NA,GC,14/05/2018,02/05/2018,urban,10/05/2018 05:14,10/05/2018 21:13,29,NA,12,11.52955272,5,14.804,8,5,5,17.93
2018,14GC,02/05/2018,85.20833333,02/05/2018 05:50,02/05/2018 17:20,21.13033158,63.30381663,23.66862,4.487438076,GC,14/05/2018,02/05/2018,urban,02/05/2018 05:31,02/05/2018 20:57,19,-217,12,9.315354839,5.1,12.495,5,0,0,NA
2018,14GC,03/05/2018,85.20833333,03/05/2018 05:47,03/05/2018 18:53,24.16905526,30.04447954,25.72072,2.858145577,GC,14/05/2018,02/05/2018,urban,03/05/2018 05:29,03/05/2018 20:59,18,-126,12,9.054801075,5.6,10.804,5,0,0,NA
2018,14GC,04/05/2018,95.20833333,04/05/2018 05:56,04/05/2018 19:32,26.14386316,5.047697981,NA,NA,GC,14/05/2018,02/05/2018,urban,04/05/2018 05:27,04/05/2018 21:01,29,-89,12,11.68089264,8.8,18.193,5,0,0,NA
2018,6GC,29/04/2018,70.625,29/04/2018 05:53,29/04/2018 17:47,23.04014211,87.22645512,30.28364,1.503827364,GC,11/05/2018,28/04/2018,urban,29/04/2018 05:38,29/04/2018 20:51,15,-184,13,8.499462366,2.9,14.375,7,0,0,NA
2018,6GC,30/04/2018,87.29166667,30/04/2018 05:59,30/04/2018 17:59,30.38876842,13.69796588,31.37939,1.262530321,GC,11/05/2018,28/04/2018,urban,30/04/2018 05:36,30/04/2018 20:53,23,-174,13,9.36247043,0.7,19.445,7,0,0,NA
2018,6GC,01/05/2018,76.25,01/05/2018 04:44,01/05/2018 18:50,26.46922632,107.3136855,32.15678,0.650392618,GC,11/05/2018,28/04/2018,urban,01/05/2018 05:33,01/05/2018 20:55,-49,-125,13,8.481482527,1,12.245,7,0,0,NA
2018,6GC,02/05/2018,85.41666667,02/05/2018 04:35,02/05/2018 18:56,31.20104474,18.18324253,32.03827,0.529808987,GC,11/05/2018,28/04/2018,urban,02/05/2018 05:31,02/05/2018 20:57,-56,-121,13,9.315354839,5.1,12.495,7,0,0,NA
2018,6GC,03/05/2018,88.33333333,03/05/2018 05:53,03/05/2018 18:59,31.98629474,7.038856609,33.41338,0.407862198,GC,11/05/2018,28/04/2018,urban,03/05/2018 05:29,03/05/2018 20:59,24,-120,13,9.054801075,5.6,10.804,7,0,0,NA
2018,6GC,04/05/2018,80.41666667,04/05/2018 05:53,04/05/2018 18:35,28.98835263,29.63265112,26.93276,0.541668204,GC,11/05/2018,28/04/2018,urban,04/05/2018 05:27,04/05/2018 21:01,26,-146,13,11.68089264,8.8,18.193,7,0,0,NA
2018,6GC,05/05/2018,83.95833333,05/05/2018 06:08,05/05/2018 18:05,26.07910526,3.976630933,26.80209,1.040831416,GC,11/05/2018,28/04/2018,urban,05/05/2018 05:25,05/05/2018 21:03,43,-178,13,14.49772849,9.1,19.382,7,0,0,NA
2018,6GC,06/05/2018,82.5,06/05/2018 05:56,06/05/2018 20:44,27.14619737,4.889737251,26.73848,0.650203666,GC,11/05/2018,28/04/2018,urban,06/05/2018 05:23,06/05/2018 21:05,33,-21,13,15.95214382,8.5,22.759,7,0,0,NA
2018,6GC,07/05/2018,80.41666667,07/05/2018 06:05,07/05/2018 18:44,26.88977895,5.897203518,26.00167,0.786344466,GC,11/05/2018,28/04/2018,urban,07/05/2018 05:20,07/05/2018 21:07,45,-143,13,17.59761694,8.7,23.26,7,0,0,NA
2018,6GC,08/05/2018,87.44394619,08/05/2018 05:38,NA,24.564,2.920621111,NA,NA,GC,11/05/2018,28/04/2018,urban,08/05/2018 05:18,08/05/2018 21:09,20,NA,13,14.76496774,6.9,18.318,7,0,0,NA
2018,7GC,28/04/2018,75.20833333,28/04/2018 05:47,28/04/2018 18:38,19.79987105,34.25188182,20.79278,1.184528941,GC,10/05/2018,29/04/2018,urban,28/04/2018 05:40,28/04/2018 20:49,7,-131,11,8.75478022,0.7,11.932,7,0,0,NA
2018,7GC,29/04/2018,77.29166667,29/04/2018 06:05,29/04/2018 18:35,21.32201842,5.603870952,19.47887,0.991772579,GC,10/05/2018,29/04/2018,urban,29/04/2018 05:38,29/04/2018 20:51,27,-136,11,8.499462366,2.9,14.375,7,0,0,NA
2018,7GC,30/04/2018,81.875,30/04/2018 05:50,30/04/2018 18:32,21.17954737,6.196467763,18.555,2.193880444,GC,10/05/2018,29/04/2018,urban,30/04/2018 05:36,30/04/2018 20:53,14,-141,11,9.36247043,0.7,19.445,7,0,0,NA
2018,7GC,01/05/2018,78.95833333,01/05/2018 06:14,01/05/2018 18:20,19.13006579,5.006100336,19.49404,0.107490059,GC,10/05/2018,29/04/2018,urban,01/05/2018 05:33,01/05/2018 20:55,41,-155,11,8.481482527,1,12.245,7,0,0,NA
2018,7GC,02/05/2018,79.58333333,02/05/2018 05:47,02/05/2018 17:53,19.16878158,1.786711385,16.92008,0.172569327,GC,10/05/2018,29/04/2018,urban,02/05/2018 05:31,02/05/2018 20:57,16,-184,11,9.315354839,5.1,12.495,7,0,0,NA
2018,7GC,03/05/2018,84.375,03/05/2018 06:11,03/05/2018 19:11,17.82159737,1.481852732,19.16232,0.080863109,GC,10/05/2018,29/04/2018,urban,03/05/2018 05:29,03/05/2018 20:59,42,-108,11,9.054801075,5.6,10.804,7,0,0,NA
2018,7GC,04/05/2018,87.08333333,04/05/2018 06:11,04/05/2018 18:11,26.99575789,76.57879583,35.51857,0.625979338,GC,10/05/2018,29/04/2018,urban,04/05/2018 05:27,04/05/2018 21:01,44,-170,11,11.68089264,8.8,18.193,7,0,0,NA
2018,7GC,05/05/2018,90.83333333,05/05/2018 06:05,05/05/2018 18:59,33.87270526,11.99634893,33.20355,1.675207503,GC,10/05/2018,29/04/2018,urban,05/05/2018 05:25,05/05/2018 21:03,40,-124,11,14.49772849,9.1,19.382,7,0,0,NA
2018,7GC,06/05/2018,91.875,06/05/2018 05:53,06/05/2018 19:08,32.67466579,7.609234329,30.28096,4.124145413,GC,10/05/2018,29/04/2018,urban,06/05/2018 05:23,06/05/2018 21:05,30,-117,11,15.95214382,8.5,22.759,7,0,0,NA
2018,7GC,07/05/2018,90.20833333,07/05/2018 06:02,07/05/2018 19:23,30.09047105,5.667710946,27.27192,3.258816458,GC,10/05/2018,29/04/2018,urban,07/05/2018 05:20,07/05/2018 21:07,42,-104,11,17.59761694,8.7,23.26,7,0,0,NA
2018,7GC,08/05/2018,94.05405405,08/05/2018 05:41,NA,25.872424,4.269052762,NA,NA,GC,10/05/2018,29/04/2018,urban,08/05/2018 05:18,08/05/2018 21:09,23,NA,11,14.76496774,6.9,18.318,7,0,0,NA
2018,9GC,02/05/2018,63.75,02/05/2018 05:48,02/05/2018 20:39,19.9485066,59.24610423,NA,NA,GC,14/05/2018,01/05/2018,urban,02/05/2018 05:31,02/05/2018 20:57,17,-18,13,9.315354839,5.1,12.495,7,6,6,18.57
2018,15KG,04/05/2018,51.45833333,04/05/2018 05:22,04/05/2018 19:10,17.06317368,21.12252853,22.74964,0.187519647,KG,17/05/2018,03/05/2018,urban,04/05/2018 05:27,04/05/2018 21:01,-5,-111,14,11.68089264,8.8,18.193,6,5,5,18.79
2018,15KG,05/05/2018,70.20833333,05/05/2018 05:49,05/05/2018 19:13,20.55852105,11.82698683,21.42641,0.216003759,KG,17/05/2018,03/05/2018,urban,05/05/2018 05:25,05/05/2018 21:03,24,-110,14,14.49772849,9.1,19.382,6,5,5,18.79
2018,15KG,06/05/2018,71.25,06/05/2018 05:49,06/05/2018 18:31,22.06988158,36.14347638,24.18927,0.18963832,KG,17/05/2018,03/05/2018,urban,06/05/2018 05:23,06/05/2018 21:05,26,-154,14,15.95214382,8.5,22.759,6,5,5,18.79
2018,15KG,07/05/2018,76.875,07/05/2018 05:40,07/05/2018 19:46,25.64153421,15.36293732,24.95986,0.208329839,KG,17/05/2018,03/05/2018,urban,07/05/2018 05:20,07/05/2018 21:07,20,-81,14,18.05842126,8.7,25.811,6,5,5,18.79
2018,15KG,08/05/2018,80,08/05/2018 05:52,08/05/2018 19:13,25.59076316,7.700089638,27.90574,0.996703952,KG,17/05/2018,03/05/2018,urban,08/05/2018 05:18,08/05/2018 21:09,34,-116,14,14.1080335,6.9,18.318,6,5,5,18.79
2018,15KG,09/05/2018,86.04166667,09/05/2018 06:01,09/05/2018 18:52,26.06614737,6.444018395,25.29732,1.440298301,KG,17/05/2018,03/05/2018,urban,09/05/2018 05:16,09/05/2018 21:11,45,-139,14,11.39403105,4.8,14.562,6,5,5,18.79
2018,15KG,10/05/2018,88.33333333,10/05/2018 05:52,10/05/2018 19:58,25.28686053,4.97033317,24.55364,0.808911606,KG,17/05/2018,03/05/2018,urban,10/05/2018 05:14,10/05/2018 21:13,38,-75,14,11.21377667,5,14.804,6,5,5,18.79
2018,15KG,11/05/2018,90,11/05/2018 04:55,11/05/2018 19:07,24.34092105,2.351969735,23.59539,0.773423392,KG,17/05/2018,03/05/2018,urban,11/05/2018 05:12,11/05/2018 21:15,-17,-128,14,10.99757271,6,15.805,6,5,5,18.79
2018,15KG,12/05/2018,84.375,12/05/2018 05:31,12/05/2018 19:25,25.08126842,4.794494012,25.51673,0.633338421,KG,17/05/2018,03/05/2018,urban,12/05/2018 05:10,12/05/2018 21:17,21,-112,14,12.10977941,4.7,18.819,6,5,5,18.79
2018,15KG,13/05/2018,90.20833333,13/05/2018 06:04,13/05/2018 19:28,26.14915263,4.974660467,24.33106,1.427565653,KG,17/05/2018,03/05/2018,urban,13/05/2018 05:08,13/05/2018 21:18,56,-110,14,12.71252124,7.3,17.87,6,5,5,18.79
2018,15KG,14/05/2018,84.375,14/05/2018 05:25,14/05/2018 18:55,25.61988947,9.704152236,25.04986,0.464903273,KG,17/05/2018,03/05/2018,urban,14/05/2018 05:07,14/05/2018 21:20,18,-145,14,13.72794281,5.1,22.373,6,5,5,18.79
2018,15KG,15/05/2018,90.625,15/05/2018 05:19,15/05/2018 19:13,24.47307632,4.04541263,22.40564,0.465879647,KG,17/05/2018,03/05/2018,urban,15/05/2018 05:05,15/05/2018 21:22,14,-129,14,13.08561683,6.8,19.308,6,5,5,18.79
2018,15KG,16/05/2018,85.83333333,16/05/2018 04:31,16/05/2018 18:46,22.69904737,7.037691481,NA,NA,KG,17/05/2018,03/05/2018,urban,16/05/2018 05:03,16/05/2018 21:24,-32,-158,14,10.6,3.2,17.9,6,5,5,18.79
2018,20KG,15/05/2018,82.29166667,15/05/2018 05:23,15/05/2018 18:08,33.31198421,9.584177245,33.7189,0.289902798,KG,21/05/2018,10/05/2018,urban,15/05/2018 05:05,15/05/2018 21:22,18,-194,11,13.08561683,6.8,19.308,5,4,4,18.08
2018,20KG,16/05/2018,85.83333333,16/05/2018 05:14,16/05/2018 17:59,33.05630789,11.38928922,33.36644,0.546843118,KG,21/05/2018,10/05/2018,urban,16/05/2018 05:03,16/05/2018 21:24,11,-205,11,10.6,3.2,17.9,5,4,4,18.08
2018,20KG,17/05/2018,72.08333333,17/05/2018 05:08,17/05/2018 18:14,30.26966842,42.27186859,33.65958,0.309809499,KG,21/05/2018,10/05/2018,urban,17/05/2018 05:01,17/05/2018 21:26,7,-192,11,11.72181521,4.2,18.996,5,4,4,18.08
2018,20KG,18/05/2018,85,18/05/2018 05:20,18/05/2018 18:14,33.07103684,9.35566973,33.48181,0.746643832,KG,21/05/2018,10/05/2018,urban,18/05/2018 04:59,18/05/2018 21:28,21,-194,11,11.84084195,5.1,22.873,5,4,4,18.08
2018,20KG,19/05/2018,81.875,19/05/2018 05:05,19/05/2018 18:38,33.3797,8.708594422,33.65832,0.517745998,KG,21/05/2018,10/05/2018,urban,19/05/2018 04:58,19/05/2018 21:29,7,-171,11,13.49583333,6.5,19.3,5,4,4,18.08
2018,20KG,20/05/2018,76.04166667,20/05/2018 05:20,20/05/2018 18:38,33.28350789,6.43353966,NA,NA,KG,21/05/2018,10/05/2018,urban,20/05/2018 04:56,20/05/2018 21:31,24,-173,11,13.54583333,11.3,16.1,5,4,4,18.08
2018,27KG,03/05/2018,49.58333333,03/05/2018 05:47,03/05/2018 17:53,14.11547105,31.97488837,20.56013,0.593731791,KG,18/05/2018,04/05/2018,urban,03/05/2018 05:29,03/05/2018 20:59,18,-186,14,9.054801075,5.6,10.804,7,7,7,17.55
2018,27KG,04/05/2018,72.70833333,04/05/2018 04:32,04/05/2018 19:17,19.88779737,9.082203518,20.13232,0.350161493,KG,18/05/2018,04/05/2018,urban,04/05/2018 05:27,04/05/2018 21:01,-55,-104,14,11.68089264,8.8,18.193,7,7,7,17.55
2018,27KG,05/05/2018,77.29166667,05/05/2018 05:53,05/05/2018 19:08,20.76714211,1.927196877,NA,NA,KG,18/05/2018,04/05/2018,urban,05/05/2018 05:25,05/05/2018 21:03,28,-115,14,14.49772849,9.1,19.382,7,7,7,17.55
2018,27KG,09/05/2018,88.95833333,09/05/2018 04:53,09/05/2018 21:44,24.70853158,2.53622369,23.38833,0.650318728,KG,18/05/2018,04/05/2018,urban,09/05/2018 05:16,09/05/2018 21:11,-23,33,14,11.39403105,4.8,14.562,7,7,7,17.55
2018,27KG,10/05/2018,90.625,10/05/2018 05:17,10/05/2018 18:14,25.57643421,3.793093365,24.55235,0.563151745,KG,18/05/2018,04/05/2018,urban,10/05/2018 05:14,10/05/2018 21:13,3,-179,14,11.21377667,5,14.804,7,7,7,17.55
2018,27KG,11/05/2018,90,11/05/2018 05:32,11/05/2018 18:08,25.36834474,4.315938438,24.35292,0.848389246,KG,18/05/2018,04/05/2018,urban,11/05/2018 05:12,11/05/2018 21:15,20,-187,14,10.99757271,6,15.805,7,7,7,17.55
2018,27KG,12/05/2018,91.66666667,12/05/2018 05:23,12/05/2018 17:59,25.77161579,6.877916137,25.437175,0.252194302,KG,18/05/2018,04/05/2018,urban,12/05/2018 05:10,12/05/2018 21:17,13,-198,14,12.10977941,4.7,18.819,7,7,7,17.55
2018,27KG,14/05/2018,96.78899083,14/05/2018 05:20,14/05/2018 06:02,23.8643481,3.146905388,NA,NA,KG,18/05/2018,04/05/2018,urban,14/05/2018 05:07,14/05/2018 21:20,13,-918,14,13.72794281,5.1,22.373,7,7,7,17.55
2018,30KG,05/05/2018,88.95833333,05/05/2018 05:54,05/05/2018 18:33,34.96753298,7.4480869,34.0985,0.871166809,KG,12/05/2018,01/05/2018,urban,05/05/2018 05:25,05/05/2018 21:03,29,-150,11,14.49772849,9.1,19.382,8,6,6,17.99
2018,30KG,06/05/2018,89.375,06/05/2018 05:18,06/05/2018 18:27,33.8451715,6.737803407,33.07938776,0.85365024,KG,12/05/2018,01/05/2018,urban,06/05/2018 05:23,06/05/2018 21:05,-5,-158,11,15.95214382,8.5,22.759,8,6,6,17.99
2018,30KG,07/05/2018,89.79166667,07/05/2018 04:39,07/05/2018 18:42,32.93563325,5.043249206,30.34518367,1.738199224,KG,12/05/2018,01/05/2018,urban,07/05/2018 05:20,07/05/2018 21:07,-41,-145,11,18.05842126,8.7,25.811,8,6,6,17.99
2018,30KG,08/05/2018,91.25,08/05/2018 05:54,08/05/2018 18:33,30.13316359,4.137409148,27.90312821,1.277797641,KG,12/05/2018,01/05/2018,urban,08/05/2018 05:18,08/05/2018 21:09,36,-156,11,14.1080335,6.9,18.318,8,6,6,17.99
2018,30KG,10/05/2018,85.83333333,10/05/2018 06:15,10/05/2018 18:24,30.04888654,36.56359649,36.62063265,0.181215822,KG,12/05/2018,01/05/2018,urban,10/05/2018 05:14,10/05/2018 21:13,61,-169,11,11.21377667,5,14.804,8,6,6,17.99
2018,30KG,11/05/2018,88.33333333,11/05/2018 05:27,11/05/2018 18:21,36.86183641,4.972857058,NA,NA,KG,12/05/2018,01/05/2018,urban,11/05/2018 05:12,11/05/2018 21:15,15,-174,11,10.99757271,6,15.805,8,6,6,17.99
2018,32KG,16/05/2018,85.41666667,16/05/2018 04:59,16/05/2018 19:02,33.48651316,10.62426195,34.22653,0.415033019,KG,26/05/2018,14/05/2018,urban,16/05/2018 05:03,16/05/2018 21:24,-4,-142,12,10.6,3.2,17.9,7,0,0,NA
2018,32KG,17/05/2018,70.20833333,17/05/2018 05:05,17/05/2018 19:08,30.34192895,39.72473656,34.82684,0.158298095,KG,26/05/2018,14/05/2018,urban,17/05/2018 05:01,17/05/2018 21:26,4,-138,12,11.72181521,4.2,18.996,7,0,0,NA
2018,32KG,18/05/2018,90.20833333,18/05/2018 05:08,18/05/2018 18:47,34.22636316,6.584623963,34.51271,0.195724693,KG,26/05/2018,14/05/2018,urban,18/05/2018 04:59,18/05/2018 21:28,9,-161,12,11.84084195,5.1,22.873,7,0,0,NA
2018,32KG,19/05/2018,86.25,19/05/2018 05:02,19/05/2018 18:47,33.96884737,12.23727555,34.43731,0.260958176,KG,26/05/2018,14/05/2018,urban,19/05/2018 04:58,19/05/2018 21:29,4,-162,12,13.49583333,6.5,19.3,7,0,0,NA
2018,32KG,20/05/2018,76.45833333,20/05/2018 05:02,20/05/2018 18:53,33.04964474,6.430421148,33.82318,0.138720008,KG,26/05/2018,14/05/2018,urban,20/05/2018 04:56,20/05/2018 21:31,6,-158,12,13.54583333,11.3,16.1,7,0,0,NA
2018,32KG,21/05/2018,81.46551724,21/05/2018 05:02,21/05/2018 11:11,32.77780814,5.208681536,NA,NA,KG,26/05/2018,14/05/2018,urban,21/05/2018 04:54,21/05/2018 21:33,8,-622,12,12.74583333,9.4,16.1,7,0,0,NA
2018,52KG,01/05/2018,50.83333333,01/05/2018 05:54,01/05/2018 19:42,15.03449868,40.22684921,20.40555102,1.684132559,KG,10/05/2018,29/04/2018,urban,01/05/2018 05:33,01/05/2018 20:55,21,-73,11,8.481482527,1,12.245,4,0,0,NA
2018,52KG,02/05/2018,58.33333333,02/05/2018 05:45,02/05/2018 20:45,16.79401055,21.23427602,18.83630612,7.664618173,KG,10/05/2018,29/04/2018,urban,02/05/2018 05:31,02/05/2018 20:57,14,-12,11,9.315354839,5.1,12.495,4,0,0,NA
2018,52KG,03/05/2018,79.58333333,03/05/2018 05:42,03/05/2018 18:24,19.3610343,8.187853271,21.35473469,1.211418609,KG,10/05/2018,29/04/2018,urban,03/05/2018 05:29,03/05/2018 20:59,13,-155,11,9.054801075,5.6,10.804,4,0,0,NA
2018,52KG,04/05/2018,80.83333333,04/05/2018 05:30,04/05/2018 18:48,21.27412929,4.811984547,20.7349898,1.032276361,KG,10/05/2018,29/04/2018,urban,04/05/2018 05:27,04/05/2018 21:01,3,-133,11,11.68089264,8.8,18.193,4,0,0,NA
2018,52KG,05/05/2018,83.33333333,05/05/2018 05:21,05/05/2018 18:21,21.94637203,3.838951499,20.396,1.020659526,KG,10/05/2018,29/04/2018,urban,05/05/2018 05:25,05/05/2018 21:03,-4,-162,11,14.49772849,9.1,19.382,4,0,0,NA
2018,52KG,06/05/2018,68.54166667,06/05/2018 05:15,06/05/2018 18:24,22.82813456,8.17127281,21.54435897,0.736564184,KG,10/05/2018,29/04/2018,urban,06/05/2018 05:23,06/05/2018 21:05,-8,-161,11,15.95214382,8.5,22.759,4,0,0,NA
2018,52KG,08/05/2018,93.75,08/05/2018 05:33,08/05/2018 18:18,28.73458311,6.523237656,28.19171795,1.773409629,KG,10/05/2018,29/04/2018,urban,08/05/2018 05:18,08/05/2018 21:09,15,-171,11,14.1080335,6.9,18.318,4,0,0,NA
2018,58KG,02/05/2018,45.09394572,02/05/2018 05:57,02/05/2018 19:09,14.97409499,23.11946227,22.76623469,1.893813151,KG,15/05/2018,03/05/2018,urban,02/05/2018 05:31,02/05/2018 20:57,26,-108,12,9.315354839,5.1,12.495,8,0,0,NA
2018,58KG,03/05/2018,60.41666667,03/05/2018 05:42,03/05/2018 19:36,17.47864644,36.69917271,26.37472449,0.736074181,KG,15/05/2018,03/05/2018,urban,03/05/2018 05:29,03/05/2018 20:59,13,-83,12,9.054801075,5.6,10.804,8,0,0,NA
2018,58KG,04/05/2018,62.70833333,04/05/2018 05:39,04/05/2018 19:21,21.57245119,36.64412778,26.0272449,0.267380022,KG,15/05/2018,03/05/2018,urban,04/05/2018 05:27,04/05/2018 21:01,12,-100,12,11.68089264,8.8,18.193,8,0,0,NA
2018,58KG,05/05/2018,86.25,05/05/2018 05:48,05/05/2018 18:45,25.6243219,2.585821198,24.98517347,0.310025774,KG,15/05/2018,03/05/2018,urban,05/05/2018 05:25,05/05/2018 21:03,23,-138,12,14.49772849,9.1,19.382,8,0,0,NA
2018,58KG,06/05/2018,81.875,06/05/2018 05:33,06/05/2018 19:15,26.88975726,4.515126301,26.18597959,0.398552577,KG,15/05/2018,03/05/2018,urban,06/05/2018 05:23,06/05/2018 21:05,10,-110,12,15.95214382,8.5,22.759,8,0,0,NA
2018,58KG,07/05/2018,82.70833333,07/05/2018 05:45,07/05/2018 18:27,27.26751187,11.13285759,NA,NA,KG,15/05/2018,03/05/2018,urban,07/05/2018 05:20,07/05/2018 21:07,25,-160,12,18.05842126,8.7,25.811,8,0,0,NA
2018,205SAL,21/05/2018,86.45833333,21/05/2018 05:33,21/05/2018 19:24,22.04544327,4.313697448,20.73854082,0.827331674,SAL,28/05/2018,13/05/2018,forest-control,21/05/2018 04:54,21/05/2018 21:36,39,-132,15,13.96913516,9.4,19.28,7,4,4,19.68
2018,205SAL,22/05/2018,91.66666667,22/05/2018 06:00,22/05/2018 19:36,21.8154723,4.382865335,20.33655102,0.315619219,SAL,28/05/2018,13/05/2018,forest-control,22/05/2018 04:53,22/05/2018 21:38,67,-122,15,12.88903862,7.3,21.971,7,4,4,19.68
2018,205SAL,23/05/2018,86.91983122,23/05/2018 05:48,NA,19.82648864,1.523152366,NA,NA,SAL,28/05/2018,13/05/2018,forest-control,23/05/2018 04:51,23/05/2018 21:40,57,NA,15,13.51568394,8.6,22.096,7,4,4,19.68
2018,208SAL,12/05/2018,48.95833333,12/05/2018 04:38,12/05/2018 18:11,16.17965789,49.64593029,23.12668,3.824813917,SAL,27/05/2018,11/05/2018,forest-experimental light,12/05/2018 05:10,12/05/2018 21:20,-32,-189,16,12.54789126,2.7,22.534,9,9,9,UNKNOWN
2018,208SAL,13/05/2018,53.125,13/05/2018 04:53,13/05/2018 18:05,18.24565789,40.34707611,23.08802,2.943504101,SAL,27/05/2018,11/05/2018,forest-experimental light,13/05/2018 05:09,13/05/2018 21:22,-16,-197,16,12.53939736,4.9,20.782,9,9,9,UNKNOWN
2018,208SAL,14/05/2018,66.25,14/05/2018 04:53,14/05/2018 18:23,20.84498158,47.77470082,25.901425,1.191848046,SAL,27/05/2018,11/05/2018,forest-experimental light,14/05/2018 05:07,14/05/2018 21:23,-14,-180,16,13.4839065,0.9,25.035,9,9,9,UNKNOWN
2018,208SAL,18/05/2018,90.83333333,18/05/2018 04:59,18/05/2018 19:11,27.23229211,3.507474023,27.001275,1.30810282,SAL,27/05/2018,11/05/2018,forest-experimental light,18/05/2018 04:59,18/05/2018 21:31,0,-140,16,13.61612093,2.1,23.722,9,9,9,UNKNOWN
2018,208SAL,20/05/2018,87.91666667,20/05/2018 04:53,20/05/2018 18:53,26.79117368,1.906359727,26.09306,0.679822825,SAL,27/05/2018,11/05/2018,forest-experimental light,20/05/2018 04:56,20/05/2018 21:34,-3,-161,16,14.09295732,10.8,16.398,9,9,9,UNKNOWN
2018,208SAL,21/05/2018,89.79166667,21/05/2018 05:05,21/05/2018 18:23,25.84694211,1.888318419,24.54809,0.58638281,SAL,27/05/2018,11/05/2018,forest-experimental light,21/05/2018 04:54,21/05/2018 21:36,11,-193,16,13.96913516,9.4,19.28,9,9,9,UNKNOWN
2018,208SAL,22/05/2018,86.66666667,22/05/2018 05:32,22/05/2018 21:20,24.75010263,2.69501653,NA,NA,SAL,27/05/2018,11/05/2018,forest-experimental light,22/05/2018 04:53,22/05/2018 21:38,39,-18,16,12.88903862,7.3,21.971,9,9,9,UNKNOWN
2018,220SAL,07/05/2018,71.04166667,07/05/2018 05:23,07/05/2018 19:35,23.47141842,63.73904235,28.00444,5.226253703,SAL,21/05/2018,07/05/2018,forest-experimental light,07/05/2018 05:21,07/05/2018 21:10,2,-95,14,14.35639837,8.5,22.346,6,5,5,UNKNOWN
2018,220SAL,08/05/2018,53.125,08/05/2018 05:20,08/05/2018 17:59,18.68998947,50.8724972,22.37882,6.508218836,SAL,21/05/2018,07/05/2018,forest-experimental light,08/05/2018 05:19,08/05/2018 21:12,1,-193,14,11.49036687,4,18.365,6,5,5,UNKNOWN
2018,220SAL,09/05/2018,60.41666667,09/05/2018 05:05,09/05/2018 17:32,17.55641316,37.32944883,23.23494,5.766016764,SAL,21/05/2018,07/05/2018,forest-experimental light,09/05/2018 05:17,09/05/2018 21:14,-12,-222,14,9.005113821,5.1,12.323,6,5,5,UNKNOWN
2018,220SAL,10/05/2018,79.375,10/05/2018 05:23,10/05/2018 18:32,19.86522632,12.96596372,19.56885,0.32263724,SAL,21/05/2018,07/05/2018,forest-experimental light,10/05/2018 05:14,10/05/2018 21:16,9,-164,14,9.86685874,3.2,16.524,6,5,5,UNKNOWN
2018,220SAL,11/05/2018,68.75,11/05/2018 05:14,11/05/2018 22:02,18.82333421,19.14888769,21.36492,0.807908903,SAL,21/05/2018,07/05/2018,forest-experimental light,11/05/2018 05:12,11/05/2018 21:18,2,44,14,10.37804878,4.9,14.832,6,5,5,UNKNOWN
2018,220SAL,12/05/2018,87.91666667,12/05/2018 05:32,12/05/2018 18:50,23.34194737,11.34856665,23.30541,1.025810244,SAL,21/05/2018,07/05/2018,forest-experimental light,12/05/2018 05:10,12/05/2018 21:20,22,-150,14,12.54789126,2.7,22.534,6,5,5,UNKNOWN
2018,220SAL,13/05/2018,87.91666667,13/05/2018 05:35,13/05/2018 19:02,22.99688947,4.350901465,21.67316,1.869270318,SAL,21/05/2018,07/05/2018,forest-experimental light,13/05/2018 05:09,13/05/2018 21:22,26,-140,14,12.53939736,4.9,20.782,6,5,5,UNKNOWN
2018,220SAL,14/05/2018,90,14/05/2018 05:29,14/05/2018 19:20,24.77744474,12.77582764,24.76389,1.741597048,SAL,21/05/2018,07/05/2018,forest-experimental light,14/05/2018 05:07,14/05/2018 21:23,22,-123,14,13.4839065,0.9,25.035,6,5,5,UNKNOWN
2018,220SAL,15/05/2018,91.25,15/05/2018 05:35,15/05/2018 19:14,24.69052632,4.209364873,23.10973,1.646883856,SAL,21/05/2018,07/05/2018,forest-experimental light,15/05/2018 05:05,15/05/2018 21:25,30,-131,14,12.61184451,4.7,20.845,6,5,5,UNKNOWN
2018,220SAL,16/05/2018,93.33333333,16/05/2018 05:29,16/05/2018 19:26,26.32368947,14.58216084,27.39169,2.258396155,SAL,21/05/2018,07/05/2018,forest-experimental light,16/05/2018 05:03,16/05/2018 21:27,26,-121,14,12.67773069,0.4,24.16,6,5,5,UNKNOWN
2018,220SAL,17/05/2018,89.58333333,17/05/2018 05:20,17/05/2018 21:02,29.40726579,13.1607781,34.244875,3.367591343,SAL,21/05/2018,07/05/2018,forest-experimental light,17/05/2018 05:01,17/05/2018 21:29,19,-27,14,14.15205996,0.5,24.723,6,5,5,UNKNOWN
2018,220SAL,19/05/2018,96.66666667,19/05/2018 05:23,19/05/2018 19:26,32.92991579,7.416102478,33.36287,2.707885811,SAL,21/05/2018,07/05/2018,forest-experimental light,19/05/2018 04:58,19/05/2018 21:33,25,-127,14,14.98977134,3.7,24.16,6,5,5,UNKNOWN
2018,220SAL,20/05/2018,88.75,20/05/2018 05:29,20/05/2018 18:53,33.16944211,7.033915846,NA,NA,SAL,21/05/2018,07/05/2018,forest-experimental light,20/05/2018 04:56,20/05/2018 21:34,33,-161,14,14.09295732,10.8,16.398,6,5,5,UNKNOWN
2018,221SAL,08/05/2018,87.29166667,08/05/2018 05:57,08/05/2018 17:33,29.34987071,6.199724658,29.47072449,3.270843418,SAL,17/05/2018,05/05/2018,forest-control,08/05/2018 05:19,08/05/2018 21:12,38,-219,12,11.49036687,4,18.365,6,3,3,NA
2018,221SAL,09/05/2018,89.16666667,09/05/2018 05:48,09/05/2018 18:51,29.31765435,7.048094116,29.45741837,1.986230617,SAL,17/05/2018,05/05/2018,forest-control,09/05/2018 05:17,09/05/2018 21:14,31,-143,12,9.005113821,5.1,12.323,6,3,3,NA
2018,221SAL,10/05/2018,88.33333333,10/05/2018 05:51,10/05/2018 19:09,27.18275726,18.2289096,26.20972449,0.979137521,SAL,17/05/2018,05/05/2018,forest-control,10/05/2018 05:14,10/05/2018 21:16,37,-127,12,9.86685874,3.2,16.524,6,3,3,NA
2018,221SAL,11/05/2018,92.29166667,11/05/2018 06:06,11/05/2018 18:09,27.44339842,6.30990887,29.13384694,0.389731698,SAL,17/05/2018,05/05/2018,forest-control,11/05/2018 05:12,11/05/2018 21:18,54,-189,12,10.37804878,4.9,14.832,6,3,3,NA
2018,221SAL,12/05/2018,88.75,12/05/2018 05:39,12/05/2018 17:18,29.29475726,6.809350369,29.77489796,0.345944361,SAL,17/05/2018,05/05/2018,forest-control,12/05/2018 05:10,12/05/2018 21:20,29,-242,12,12.54789126,2.7,22.534,6,3,3,NA
2018,221SAL,13/05/2018,86.45833333,13/05/2018 05:36,13/05/2018 18:42,30.02398681,3.675621897,29.28358163,0.447025875,SAL,17/05/2018,05/05/2018,forest-control,13/05/2018 05:09,13/05/2018 21:22,27,-160,12,12.53939736,4.9,20.782,6,3,3,NA
2018,221SAL,14/05/2018,83.95833333,14/05/2018 05:21,14/05/2018 19:03,30.80145646,6.792441016,31.64656122,0.776081032,SAL,17/05/2018,05/05/2018,forest-control,14/05/2018 05:07,14/05/2018 21:23,14,-140,12,13.4839065,0.9,25.035,6,3,3,NA
2018,221SAL,15/05/2018,83.33333333,15/05/2018 05:42,15/05/2018 18:48,30.12893668,3.838336917,29.69710204,0.295310587,SAL,17/05/2018,05/05/2018,forest-control,15/05/2018 05:05,15/05/2018 21:25,37,-157,12,12.61184451,4.7,20.845,6,3,3,NA
2018,221SAL,16/05/2018,79.58333333,16/05/2018 05:21,16/05/2018 18:45,30.01186544,9.826091995,NA,NA,SAL,17/05/2018,05/05/2018,forest-control,16/05/2018 05:03,16/05/2018 21:27,18,-162,12,12.67773069,0.4,24.16,6,3,3,NA
2018,244SAL,14/05/2018,46.04166667,14/05/2018 05:03,14/05/2018 19:45,17.669219,41.35912733,19.36889796,1.004528464,SAL,29/05/2018,12/05/2018,forest-control,14/05/2018 05:07,14/05/2018 21:23,-4,-98,17,13.4839065,0.9,25.035,8,7,7,18.5
2018,244SAL,15/05/2018,52.5,15/05/2018 05:09,15/05/2018 19:51,16.41679947,15.57083231,16.11629592,0.824925386,SAL,29/05/2018,12/05/2018,forest-control,15/05/2018 05:05,15/05/2018 21:25,4,-94,17,12.61184451,4.7,20.845,8,7,7,18.5
2018,244SAL,16/05/2018,61.25,16/05/2018 05:09,16/05/2018 19:21,17.62626913,49.46945044,17.54802041,0.650928494,SAL,29/05/2018,12/05/2018,forest-control,16/05/2018 05:03,16/05/2018 21:27,6,-126,17,12.67773069,0.4,24.16,8,7,7,18.5
2018,244SAL,17/05/2018,72.91666667,17/05/2018 04:42,17/05/2018 19:45,23.17535356,42.60176986,29.40512245,1.176200583,SAL,29/05/2018,12/05/2018,forest-control,17/05/2018 05:01,17/05/2018 21:29,-19,-104,17,14.15205996,0.5,24.723,8,7,7,18.5
2018,244SAL,18/05/2018,92.70833333,18/05/2018 05:06,18/05/2018 19:12,28.88104749,7.298687601,30.33452041,1.459013902,SAL,29/05/2018,12/05/2018,forest-control,18/05/2018 04:59,18/05/2018 21:31,7,-139,17,13.61612093,2.1,23.722,8,7,7,18.5
2018,244SAL,19/05/2018,87.91666667,19/05/2018 05:12,19/05/2018 19:27,29.25748813,6.24426524,30.12954082,1.10665889,SAL,29/05/2018,12/05/2018,forest-control,19/05/2018 04:58,19/05/2018 21:33,14,-126,17,14.98977134,3.7,24.16,8,7,7,18.5
2018,244SAL,20/05/2018,86.66666667,20/05/2018 05:18,20/05/2018 19:39,28.11840897,3.127920835,28.89858163,0.629330493,SAL,29/05/2018,12/05/2018,forest-control,20/05/2018 04:56,20/05/2018 21:34,22,-115,17,14.09295732,10.8,16.398,8,7,7,18.5
2018,244SAL,21/05/2018,84.375,21/05/2018 05:21,21/05/2018 19:15,28.0186781,3.53912869,27.4377551,0.795533362,SAL,29/05/2018,12/05/2018,forest-control,21/05/2018 04:54,21/05/2018 21:36,27,-141,17,13.96913516,9.4,19.28,8,7,7,18.5
2018,244SAL,22/05/2018,89.79166667,22/05/2018 05:42,22/05/2018 19:36,26.65659103,2.577915867,26.20533673,0.660586762,SAL,29/05/2018,12/05/2018,forest-control,22/05/2018 04:53,22/05/2018 21:38,49,-122,17,12.88903862,7.3,21.971,8,7,7,18.5
2018,244SAL,23/05/2018,85.20900322,23/05/2018 05:24,23/05/2018 15:12,26.313068,3.4962482,NA,NA,SAL,29/05/2018,12/05/2018,forest-control,23/05/2018 04:51,23/05/2018 21:40,33,-388,17,13.51568394,8.6,22.096,8,7,7,18.5
2018,245SAL,11/05/2018,53.33333333,11/05/2018 04:52,11/05/2018 18:40,15.03010526,19.00994023,16.1689,9.732557505,SAL,26/05/2018,11/05/2018,forest-experimental light,11/05/2018 05:12,11/05/2018 21:18,-20,-158,15,10.37804878,4.9,14.832,8,7,7,UNKNOWN
2018,245SAL,12/05/2018,79.58333333,12/05/2018 04:37,12/05/2018 18:43,19.19439474,53.39510005,20.91184,0.710270338,SAL,26/05/2018,11/05/2018,forest-experimental light,12/05/2018 05:10,12/05/2018 21:20,-33,-157,15,12.54789126,2.7,22.534,8,7,7,UNKNOWN
2018,245SAL,13/05/2018,77.70833333,13/05/2018 04:55,13/05/2018 19:19,19.55048947,29.26565832,18.28459,1.408201113,SAL,26/05/2018,11/05/2018,forest-experimental light,13/05/2018 05:09,13/05/2018 21:22,-14,-123,15,12.53939736,4.9,20.782,8,7,7,UNKNOWN
2018,245SAL,14/05/2018,91.45833333,14/05/2018 05:22,14/05/2018 18:34,22.13468158,19.83065051,20.73601,0.929871364,SAL,26/05/2018,11/05/2018,forest-experimental light,14/05/2018 05:07,14/05/2018 21:23,15,-169,15,13.4839065,0.9,25.035,8,7,7,UNKNOWN
2018,245SAL,15/05/2018,91.25,15/05/2018 05:28,15/05/2018 18:49,21.82505526,7.192450643,18.34588,1.180957299,SAL,26/05/2018,11/05/2018,forest-experimental light,15/05/2018 05:05,15/05/2018 21:25,23,-156,15,12.61184451,4.7,20.845,8,7,7,UNKNOWN
2018,245SAL,16/05/2018,90.20833333,16/05/2018 05:22,16/05/2018 19:28,22.30696579,18.77445558,22.65483,0.71135586,SAL,26/05/2018,11/05/2018,forest-experimental light,16/05/2018 05:03,16/05/2018 21:27,19,-119,15,12.67773069,0.4,24.16,8,7,7,UNKNOWN
2018,245SAL,17/05/2018,92.08333333,17/05/2018 05:22,17/05/2018 17:28,25.09723421,8.802277647,23.25574,1.063982699,SAL,26/05/2018,11/05/2018,forest-experimental light,17/05/2018 05:01,17/05/2018 21:29,21,-241,15,14.15205996,0.5,24.723,8,7,7,UNKNOWN
2018,245SAL,18/05/2018,91.875,18/05/2018 05:37,18/05/2018 19:16,24.74860526,5.89256139,23.90974,0.359284558,SAL,26/05/2018,11/05/2018,forest-experimental light,18/05/2018 04:59,18/05/2018 21:31,38,-135,15,13.61612093,2.1,23.722,8,7,7,UNKNOWN
2018,245SAL,19/05/2018,94.79166667,19/05/2018 05:34,19/05/2018 18:40,25.82516316,6.001429324,24.66314,0.365679374,SAL,26/05/2018,11/05/2018,forest-experimental light,19/05/2018 04:58,19/05/2018 21:33,36,-173,15,14.98977134,3.7,24.16,8,7,7,UNKNOWN
2018,245SAL,20/05/2018,94.16666667,20/05/2018 05:37,20/05/2018 19:16,23.44428421,1.589742046,23.44957,0.40807851,SAL,26/05/2018,11/05/2018,forest-experimental light,20/05/2018 04:56,20/05/2018 21:34,41,-138,15,14.09295732,10.8,16.398,8,7,7,UNKNOWN
2018,245SAL,21/05/2018,93.54166667,21/05/2018 04:37,21/05/2018 18:25,23.82502632,2.242376427,22.28154,0.331509705,SAL,26/05/2018,11/05/2018,forest-experimental light,21/05/2018 04:54,21/05/2018 21:36,-17,-191,15,13.96913516,9.4,19.28,8,7,7,UNKNOWN
2018,245SAL,22/05/2018,89.79166667,22/05/2018 05:43,22/05/2018 18:13,22.83323684,2.802234065,21.92371,1.372482006,SAL,26/05/2018,11/05/2018,forest-experimental light,22/05/2018 04:53,22/05/2018 21:38,50,-205,15,12.88903862,7.3,21.971,8,7,7,UNKNOWN
2018,245SAL,23/05/2018,89.41798942,23/05/2018 05:28,23/05/2018 09:25,22.26053488,2.132526188,NA,NA,SAL,26/05/2018,11/05/2018,forest-experimental light,23/05/2018 04:51,23/05/2018 21:40,37,-735,15,13.51568394,8.6,22.096,8,7,7,UNKNOWN
2018,265SAL,08/05/2018,50.83333333,08/05/2018 05:25,08/05/2018 17:13,14.23823421,5.830620845,16.1574,0.848741192,SAL,23/05/2018,10/05/2018,forest-experimental light,08/05/2018 05:19,08/05/2018 21:12,6,-239,13,11.49036687,4,18.365,9,7,7,UNKNOWN
2018,265SAL,09/05/2018,43.95833333,09/05/2018 05:01,09/05/2018 18:49,13.03600263,14.03023657,21.25431,1.669161307,SAL,23/05/2018,10/05/2018,forest-experimental light,09/05/2018 05:17,09/05/2018 21:14,-16,-145,13,9.005113821,5.1,12.323,9,7,7,UNKNOWN
2018,265SAL,10/05/2018,68.54166667,10/05/2018 05:22,10/05/2018 18:43,17.41639737,33.60371793,18.82889,4.42808321,SAL,23/05/2018,10/05/2018,forest-experimental light,10/05/2018 05:14,10/05/2018 21:16,8,-153,13,9.86685874,3.2,16.524,9,7,7,UNKNOWN
2018,265SAL,11/05/2018,81.04166667,11/05/2018 05:34,11/05/2018 16:49,19.12845263,18.07467167,22.22647,0.379504292,SAL,23/05/2018,10/05/2018,forest-experimental light,11/05/2018 05:12,11/05/2018 21:18,22,-269,13,10.37804878,4.9,14.832,9,7,7,UNKNOWN
2018,265SAL,12/05/2018,94.16666667,12/05/2018 05:31,12/05/2018 18:22,24.56948684,6.367456462,23.28213,0.3079887,SAL,23/05/2018,10/05/2018,forest-experimental light,12/05/2018 05:10,12/05/2018 21:20,21,-178,13,12.54789126,2.7,22.534,9,7,7,UNKNOWN
2018,265SAL,13/05/2018,91.875,13/05/2018 05:55,13/05/2018 19:01,24.63142105,4.207761585,23.4787,1.025560215,SAL,23/05/2018,10/05/2018,forest-experimental light,13/05/2018 05:09,13/05/2018 21:22,46,-141,13,12.53939736,4.9,20.782,9,7,7,UNKNOWN
2018,265SAL,17/05/2018,89.375,17/05/2018 04:40,17/05/2018 18:25,27.31645526,8.231022354,25.982175,0.427438866,SAL,23/05/2018,10/05/2018,forest-experimental light,17/05/2018 05:01,17/05/2018 21:29,-21,-184,13,14.15205996,0.5,24.723,9,7,7,UNKNOWN
2018,265SAL,20/05/2018,88.95833333,20/05/2018 05:25,20/05/2018 18:10,27.58147105,1.96595653,26.88684,0.45309056,SAL,23/05/2018,10/05/2018,forest-experimental light,20/05/2018 04:56,20/05/2018 21:34,29,-204,13,14.09295732,10.8,16.398,9,7,7,UNKNOWN
2018,265SAL,21/05/2018,91.45833333,21/05/2018 05:28,21/05/2018 18:34,27.10340263,2.283721233,25.61873,0.408103755,SAL,23/05/2018,10/05/2018,forest-experimental light,21/05/2018 04:54,21/05/2018 21:36,34,-182,13,13.96913516,9.4,19.28,9,7,7,UNKNOWN
2018,265SAL,22/05/2018,90.41666667,22/05/2018 05:52,22/05/2018 18:07,25.59353947,2.36601617,NA,NA,SAL,23/05/2018,10/05/2018,forest-experimental light,22/05/2018 04:53,22/05/2018 21:38,59,-211,13,12.88903862,7.3,21.971,9,7,7,UNKNOWN
2018,155FS,19/05/2018,85.27777778,19/05/2018 06:00,19/05/2018 18:44,30.03081722,5.75140854,30.33538514,1.2572773,SCENE,28/05/2018,14/05/2018,forest-control,19/05/2018 04:58,19/05/2018 21:33,62,-169,14,14.70426786,3.7,20.743,5,3,3,18.27
2018,155FS,20/05/2018,90.13888889,20/05/2018 05:48,20/05/2018 19:18,28.64150088,5.783189022,28.47696622,0.527967475,SCENE,28/05/2018,14/05/2018,forest-control,20/05/2018 04:56,20/05/2018 21:34,52,-136,14,13.5409881,10.8,14.916,5,3,3,18.27
2018,155FS,21/05/2018,79.58333333,21/05/2018 05:42,21/05/2018 20:50,28.20630404,3.393573085,27.08258784,1.055900258,SCENE,28/05/2018,14/05/2018,forest-control,21/05/2018 04:54,21/05/2018 21:36,48,-46,14,13.32951587,9.4,17.549,5,3,3,18.27
2018,155FS,22/05/2018,90.97222222,22/05/2018 06:00,22/05/2018 19:04,27.43449736,2.584856011,26.90997973,0.973661993,SCENE,28/05/2018,14/05/2018,forest-control,22/05/2018 04:53,22/05/2018 21:38,67,-154,14,12.2631369,7.3,15.042,5,3,3,18.27
2018,155FS,23/05/2018,77.36111111,23/05/2018 05:46,23/05/2018 18:28,26.52698418,22.32482812,26.82003378,0.671708196,SCENE,28/05/2018,14/05/2018,forest-control,23/05/2018 04:51,23/05/2018 21:40,55,-192,14,13.38371825,8.6,18.3,5,3,3,18.27
2018,155FS,24/05/2018,86.25,24/05/2018 05:26,24/05/2018 18:50,28.11289807,6.697820722,27.10799324,0.474224102,SCENE,28/05/2018,14/05/2018,forest-control,24/05/2018 04:50,24/05/2018 21:41,36,-171,14,14.42866071,6.3,23.183,5,3,3,18.27
2018,155FS,25/05/2018,84.86111111,25/05/2018 05:34,25/05/2018 18:50,28.32756942,10.20047963,27.83077027,0.363857484,SCENE,28/05/2018,14/05/2018,forest-control,25/05/2018 04:48,25/05/2018 21:43,46,-173,14,16.5417619,5.5,23.8,5,3,3,18.27
2018,155FS,26/05/2018,83.33333333,26/05/2018 05:44,26/05/2018 18:24,28.31312127,6.084898438,27.83622297,0.457515467,SCENE,28/05/2018,14/05/2018,forest-control,26/05/2018 04:47,26/05/2018 21:45,57,-201,14,18.12416071,6.4,23.8,5,3,3,18.27
2018,155FS,27/05/2018,89.58333333,27/05/2018 05:44,27/05/2018 19:08,28.8448471,6.47558183,NA,NA,SCENE,28/05/2018,14/05/2018,forest-control,27/05/2018 04:45,27/05/2018 21:46,59,-158,14,18.06938889,11.5,23.4,5,3,3,18.27
2018,15DL,05/05/2018,51.04166667,05/05/2018 05:21,05/05/2018 19:12,16.5478285,26.58377588,22.73903061,1.255416566,SCENE,19/05/2018,06/05/2018,forest-experimental light,05/05/2018 05:25,05/05/2018 21:06,-4,-114,13,10.77045437,9.644,13.8,7,6,6,UNKNOWN
2018,15DL,06/05/2018,84.58333333,06/05/2018 05:45,06/05/2018 18:48,24.44578364,6.619518308,21.07869231,0.350625219,SCENE,19/05/2018,06/05/2018,forest-experimental light,06/05/2018 05:23,06/05/2018 21:08,22,-140,13,12.84868651,9.204,18.927,7,6,6,UNKNOWN
2018,15DL,08/05/2018,86.875,08/05/2018 04:57,08/05/2018 17:57,21.27369657,1.74883882,17.92853061,0.356634272,SCENE,19/05/2018,06/05/2018,forest-experimental light,08/05/2018 05:19,08/05/2018 21:12,-22,-195,13,11.34328571,4,14.101,7,6,6,UNKNOWN
2018,15DL,09/05/2018,83.33333333,09/05/2018 05:18,09/05/2018 19:06,23.13262533,17.4882617,25.86522449,0.887303186,SCENE,19/05/2018,06/05/2018,forest-experimental light,09/05/2018 05:17,09/05/2018 21:14,1,-128,13,9.116279762,5.1,13.975,7,6,6,UNKNOWN
2018,15DL,10/05/2018,92.29166667,10/05/2018 05:12,10/05/2018 18:12,26.18329551,6.831684405,26.78406122,2.38415379,SCENE,19/05/2018,06/05/2018,forest-experimental light,10/05/2018 05:14,10/05/2018 21:16,-2,-184,13,9.774095238,3.2,15.731,7,6,6,UNKNOWN
2018,15DL,11/05/2018,88.54166667,11/05/2018 05:18,11/05/2018 18:06,26.5482058,4.53905764,24.54116327,1.524897994,SCENE,19/05/2018,06/05/2018,forest-experimental light,11/05/2018 05:12,11/05/2018 21:18,6,-192,13,9.933468254,4.9,13.473,7,6,6,UNKNOWN
2018,15DL,12/05/2018,88.95833333,12/05/2018 05:18,12/05/2018 17:51,27.61008443,9.461767014,26.09933333,0.758820281,SCENE,19/05/2018,06/05/2018,forest-experimental light,12/05/2018 05:10,12/05/2018 21:20,8,-209,13,11.95923016,2.7,19.992,7,6,6,UNKNOWN
2018,15DL,14/05/2018,96.66666667,14/05/2018 05:24,14/05/2018 18:15,27.89485752,11.02308014,25.6535102,1.042038417,SCENE,19/05/2018,06/05/2018,forest-experimental light,14/05/2018 05:07,14/05/2018 21:23,17,-188,13,12.98205357,0.9,19.866,7,6,6,UNKNOWN
2018,15DL,15/05/2018,91.66666667,15/05/2018 05:30,15/05/2018 18:39,27.42070712,4.971062155,24.31535714,1.926661902,SCENE,19/05/2018,06/05/2018,forest-experimental light,15/05/2018 05:05,15/05/2018 21:25,25,-166,13,12.8097877,4.7,18.426,7,6,6,UNKNOWN
2018,15DL,16/05/2018,87.5,16/05/2018 05:12,16/05/2018 18:48,28.94509235,19.290384,29.34568367,1.641534445,SCENE,19/05/2018,06/05/2018,forest-experimental light,16/05/2018 05:03,16/05/2018 21:27,9,-159,13,12.24772619,0.4,20.179,7,6,6,UNKNOWN
2018,15DL,17/05/2018,91.45833333,17/05/2018 05:12,17/05/2018 17:45,31.1385752,9.287036383,29.48528571,0.753109093,SCENE,19/05/2018,06/05/2018,forest-experimental light,17/05/2018 05:01,17/05/2018 21:29,11,-224,13,12.8504246,0.5,17.737,7,6,6,UNKNOWN
2018,15DL,18/05/2018,85.41666667,18/05/2018 05:06,18/05/2018 18:24,29.45298417,6.531574137,NA,NA,SCENE,19/05/2018,06/05/2018,forest-experimental light,18/05/2018 04:59,18/05/2018 21:31,7,-187,13,12.83154365,2.1,18.05,7,6,6,UNKNOWN
2018,188PEN,11/05/2018,50.20833333,11/05/2018 04:35,11/05/2018 19:08,18.49207632,70.30171492,32.30467,0.68978992,SCENE,26/05/2018,11/05/2018,forest-control,11/05/2018 05:12,11/05/2018 21:18,-37,-130,15,9.933468254,4.9,13.473,8,6,6,NA
2018,188PEN,12/05/2018,72.29166667,12/05/2018 05:26,12/05/2018 18:35,29.09569211,42.05718904,34.42369,0.196325368,SCENE,26/05/2018,11/05/2018,forest-control,12/05/2018 05:10,12/05/2018 21:20,16,-165,15,11.95923016,2.7,19.992,8,6,6,NA
2018,188PEN,13/05/2018,78.75,13/05/2018 05:29,13/05/2018 19:26,32.68272632,17.85225892,33.86896,0.338452665,SCENE,26/05/2018,11/05/2018,forest-control,13/05/2018 05:09,13/05/2018 21:22,20,-116,15,12.27401389,4.9,19.741,8,6,6,NA
2018,188PEN,14/05/2018,79.58333333,14/05/2018 05:23,14/05/2018 19:14,33.02097105,15.81212245,34.79161,0.191469452,SCENE,26/05/2018,11/05/2018,forest-control,14/05/2018 05:07,14/05/2018 21:23,16,-129,15,12.98205357,0.9,19.866,8,6,6,NA
2018,188PEN,15/05/2018,78.125,15/05/2018 05:23,15/05/2018 19:14,33.55285,13.94840678,34.48020721,0.255070948,SCENE,26/05/2018,11/05/2018,forest-control,15/05/2018 05:05,15/05/2018 21:25,18,-131,15,12.8097877,4.7,18.426,8,6,6,NA
2018,188PEN,16/05/2018,77.01612903,16/05/2018 05:20,NA,33.58984844,11.38962994,NA,NA,SCENE,26/05/2018,11/05/2018,forest-control,16/05/2018 05:03,16/05/2018 21:27,17,NA,15,12.24772619,0.4,20.179,8,6,6,NA
2018,315DL,17/05/2018,85.41666667,17/05/2018 05:07,17/05/2018 18:49,34.88670263,3.128094711,35.49097,0.214217646,SCENE,26/05/2018,11/05/2018,forest-experimental light,17/05/2018 05:01,17/05/2018 21:29,6,-160,15,12.8504246,0.5,17.737,8,5,5,UNKNOWN
2018,315DL,18/05/2018,86.25,18/05/2018 05:01,18/05/2018 19:22,34.79725526,2.259469658,34.53521,0.207853258,SCENE,26/05/2018,11/05/2018,forest-experimental light,18/05/2018 04:59,18/05/2018 21:31,2,-129,15,12.83154365,2.1,18.05,8,5,5,UNKNOWN
2018,315DL,19/05/2018,87.70833333,19/05/2018 04:52,19/05/2018 19:25,34.20355789,1.910108886,34.0608,0.358982667,SCENE,26/05/2018,11/05/2018,forest-experimental light,19/05/2018 04:58,19/05/2018 21:33,-6,-128,15,14.70426786,3.7,20.743,8,5,5,UNKNOWN
2018,315DL,20/05/2018,88.54166667,20/05/2018 05:04,20/05/2018 19:31,33.76798421,1.886934564,33.77796,0.171960887,SCENE,26/05/2018,11/05/2018,forest-experimental light,20/05/2018 04:56,20/05/2018 21:34,8,-123,15,13.5409881,10.8,14.916,8,5,5,UNKNOWN
2018,315DL,21/05/2018,86.45833333,21/05/2018 05:04,21/05/2018 19:13,34.06046842,1.392664002,33.92782,0.208513826,SCENE,26/05/2018,11/05/2018,forest-experimental light,21/05/2018 04:54,21/05/2018 21:36,10,-143,15,13.32951587,9.4,17.549,8,5,5,UNKNOWN
2018,315DL,22/05/2018,87.70833333,22/05/2018 05:25,22/05/2018 19:46,31.80316579,3.483658371,29.98172,0.575300183,SCENE,26/05/2018,11/05/2018,forest-experimental light,22/05/2018 04:53,22/05/2018 21:38,32,-112,15,12.2631369,7.3,15.042,8,5,5,UNKNOWN
2018,315DL,23/05/2018,87.29166667,23/05/2018 05:10,23/05/2018 19:52,30.72999211,2.677509295,29.97737,0.563269225,SCENE,26/05/2018,11/05/2018,forest-experimental light,23/05/2018 04:51,23/05/2018 21:40,19,-108,15,13.38371825,8.6,18.3,8,5,5,UNKNOWN
2018,315DL,24/05/2018,86.04166667,24/05/2018 05:43,24/05/2018 19:07,30.06325789,4.389084408,29.54696,0.320799978,SCENE,26/05/2018,11/05/2018,forest-experimental light,24/05/2018 04:50,24/05/2018 21:41,53,-154,15,14.42866071,6.3,23.183,8,5,5,UNKNOWN
2018,315DL,25/05/2018,82.91666667,25/05/2018 04:58,25/05/2018 19:37,31.04884474,3.005615762,30.70568,0.441596563,SCENE,26/05/2018,11/05/2018,forest-experimental light,25/05/2018 04:48,25/05/2018 21:43,10,-126,15,16.5417619,5.5,23.8,8,5,5,UNKNOWN
2018,315DL,26/05/2018,82.5,26/05/2018 05:01,26/05/2018 19:58,30.47732632,5.867506674,29.51074,0.336636861,SCENE,26/05/2018,11/05/2018,forest-experimental light,26/05/2018 04:47,26/05/2018 21:45,14,-107,15,18.12416071,6.4,23.8,8,5,5,UNKNOWN
2018,316DL,17/05/2018,83.95833333,17/05/2018 05:59,17/05/2018 19:38,35.88078421,5.705952671,35.76391,0.146680608,SCENE,24/05/2018,10/05/2018,forest-control,17/05/2018 05:01,17/05/2018 21:29,58,-111,14,12.8504246,0.5,17.737,9,4,4,NA
2018,316DL,18/05/2018,84.16666667,18/05/2018 05:47,18/05/2018 19:35,35.52203947,5.076520555,35.58609,0.187506083,SCENE,24/05/2018,10/05/2018,forest-control,18/05/2018 04:59,18/05/2018 21:31,48,-116,14,12.83154365,2.1,18.05,9,4,4,NA
2018,316DL,19/05/2018,82.29166667,19/05/2018 05:29,19/05/2018 19:59,35.23952632,5.208163659,35.33665,0.163309159,SCENE,24/05/2018,10/05/2018,forest-control,19/05/2018 04:58,19/05/2018 21:33,31,-94,14,14.70426786,3.7,20.743,9,4,4,NA
2018,316DL,20/05/2018,83.75,20/05/2018 04:53,20/05/2018 20:05,34.93165,6.082761088,35.20126,0.163015831,SCENE,24/05/2018,10/05/2018,forest-control,20/05/2018 04:56,20/05/2018 21:34,-3,-89,14,13.5409881,10.8,14.916,9,4,4,NA
2018,316DL,21/05/2018,85.20833333,21/05/2018 05:02,21/05/2018 19:14,34.53704474,5.798080908,35.07145,0.177925947,SCENE,24/05/2018,10/05/2018,forest-control,21/05/2018 04:54,21/05/2018 21:36,8,-142,14,13.32951587,9.4,17.549,9,4,4,NA
2018,316DL,22/05/2018,87.29166667,22/05/2018 04:41,22/05/2018 18:08,30.44841316,13.72793518,25.94185,0.759274331,SCENE,24/05/2018,10/05/2018,forest-control,22/05/2018 04:53,22/05/2018 21:38,-12,-210,14,12.2631369,7.3,15.042,9,4,4,NA
2018,316DL,23/05/2018,92.5,23/05/2018 06:14,23/05/2018 18:56,27.84642105,3.563575453,NA,NA,SCENE,24/05/2018,10/05/2018,forest-control,23/05/2018 04:51,23/05/2018 21:40,83,-164,14,13.38371825,8.6,18.3,9,4,4,NA
2018,71ST,20/05/2018,85.20833333,20/05/2018 05:17,20/05/2018 19:17,24.13015263,3.463019813,24.43361,2.169449594,SCENE,25/05/2018,12/05/2018,forest-experimental light,20/05/2018 04:56,20/05/2018 21:34,21,-137,13,13.5409881,10.8,14.916,7,7,NA,UNKNOWN
2018,71ST,21/05/2018,91.66666667,21/05/2018 05:29,21/05/2018 18:44,24.60942632,4.291276409,22.9512,1.425122779,SCENE,25/05/2018,12/05/2018,forest-experimental light,21/05/2018 04:54,21/05/2018 21:36,35,-172,13,13.32951587,9.4,17.549,7,7,NA,UNKNOWN
2018,71ST,24/05/2018,89.58333333,24/05/2018 05:53,24/05/2018 19:05,23.22455526,10.42246776,NA,NA,SCENE,25/05/2018,12/05/2018,forest-experimental light,24/05/2018 04:50,24/05/2018 21:41,63,-156,13,14.42866071,6.3,23.183,7,7,NA,UNKNOWN
2018,8DL,07/05/2018,54.375,07/05/2018 05:45,07/05/2018 19:54,19.86436412,29.67660378,23.56185714,0.691597237,SCENE,22/05/2018,05/05/2018,forest-control,07/05/2018 05:21,07/05/2018 21:10,24,-76,17,14.06365675,8.5,21.243,5,2,2,19.54
2018,8DL,08/05/2018,63.125,08/05/2018 05:33,08/05/2018 19:51,18.94395778,27.22416655,21.38813265,0.816356013,SCENE,22/05/2018,05/05/2018,forest-control,08/05/2018 05:19,08/05/2018 21:12,14,-81,17,11.34328571,4,14.101,5,2,2,19.54
2018,8DL,09/05/2018,81.04166667,09/05/2018 05:30,09/05/2018 18:39,23.21883905,24.54391871,25.24960204,6.29937383,SCENE,22/05/2018,05/05/2018,forest-control,09/05/2018 05:17,09/05/2018 21:14,13,-155,17,9.116279762,5.1,13.975,5,2,2,19.54
2018,8DL,10/05/2018,80.20833333,10/05/2018 05:06,10/05/2018 18:54,25.19755409,28.36839931,30.46043878,4.13322862,SCENE,22/05/2018,05/05/2018,forest-control,10/05/2018 05:14,10/05/2018 21:16,-8,-142,17,9.774095238,3.2,15.731,5,2,2,19.54
2018,8DL,11/05/2018,88.75,11/05/2018 04:39,11/05/2018 18:12,29.96733773,15.55105141,31.16705102,2.185192131,SCENE,22/05/2018,05/05/2018,forest-control,11/05/2018 05:12,11/05/2018 21:18,-33,-186,17,9.933468254,4.9,13.473,5,2,2,19.54
2018,8DL,12/05/2018,91.66666667,12/05/2018 05:15,12/05/2018 18:51,31.18859631,8.480746585,29.51127551,2.404696635,SCENE,22/05/2018,05/05/2018,forest-control,12/05/2018 05:10,12/05/2018 21:20,5,-149,17,11.95923016,2.7,19.992,5,2,2,19.54
2018,8DL,13/05/2018,88.95833333,13/05/2018 05:36,13/05/2018 20:00,29.06016359,6.921288957,28.40191837,1.573859107,SCENE,22/05/2018,05/05/2018,forest-control,13/05/2018 05:09,13/05/2018 21:22,27,-82,17,12.27401389,4.9,19.741,5,2,2,19.54
2018,8DL,14/05/2018,86.66666667,14/05/2018 06:00,14/05/2018 18:30,30.6380343,11.2034992,31.50026531,1.21982162,SCENE,22/05/2018,05/05/2018,forest-control,14/05/2018 05:07,14/05/2018 21:23,53,-173,17,12.98205357,0.9,19.866,5,2,2,19.54
2018,8DL,15/05/2018,88.95833333,15/05/2018 05:48,15/05/2018 19:15,31.33377836,9.428021998,30.59580612,0.927833931,SCENE,22/05/2018,05/05/2018,forest-control,15/05/2018 05:05,15/05/2018 21:25,43,-130,17,12.8097877,4.7,18.426,5,2,2,19.54
2018,8DL,16/05/2018,87.08333333,16/05/2018 05:42,16/05/2018 19:12,29.12830871,7.363334447,26.52540816,0.751655296,SCENE,22/05/2018,05/05/2018,forest-control,16/05/2018 05:03,16/05/2018 21:27,39,-135,17,12.24772619,0.4,20.179,5,2,2,19.54
2018,8DL,17/05/2018,87.29166667,17/05/2018 05:33,17/05/2018 18:15,29.15144591,8.810102417,28.74789796,1.664207556,SCENE,22/05/2018,05/05/2018,forest-control,17/05/2018 05:01,17/05/2018 21:29,32,-194,17,12.8504246,0.5,17.737,5,2,2,19.54
2018,8DL,18/05/2018,82.91666667,18/05/2018 05:39,18/05/2018 18:57,29.05394195,22.45104014,31.6467551,1.740524125,SCENE,22/05/2018,05/05/2018,forest-control,18/05/2018 04:59,18/05/2018 21:31,40,-154,17,12.83154365,2.1,18.05,5,2,2,19.54
2018,8DL,19/05/2018,83.75,19/05/2018 05:24,19/05/2018 19:18,31.39332982,12.24885133,33.32416327,1.3860602,SCENE,22/05/2018,05/05/2018,forest-control,19/05/2018 04:58,19/05/2018 21:33,26,-135,17,14.70426786,3.7,20.743,5,2,2,19.54
2018,8DL,20/05/2018,78.95833333,20/05/2018 05:24,20/05/2018 19:33,29.55612401,18.89225528,32.50264286,1.827997675,SCENE,22/05/2018,05/05/2018,forest-control,20/05/2018 04:56,20/05/2018 21:34,28,-121,17,13.5409881,10.8,14.916,5,2,2,19.54
2018,8DL,21/05/2018,88.54166667,21/05/2018 05:39,21/05/2018 20:00,31.10557784,8.540555144,NA,NA,SCENE,22/05/2018,05/05/2018,forest-control,21/05/2018 04:54,21/05/2018 21:36,45,-96,17,13.32951587,9.4,17.549,5,2,2,19.54
2018,99ST,18/05/2018,84.79166667,18/05/2018 05:32,18/05/2018 18:44,25.26173421,7.043972623,24.16627,0.379335997,SCENE,27/05/2018,12/05/2018,forest-control,18/05/2018 04:59,18/05/2018 21:31,33,-167,15,12.83154365,2.1,18.05,7,6,6,21.13
2018,99ST,19/05/2018,86.25,19/05/2018 05:32,19/05/2018 18:23,25.64636842,8.208010592,25.15092,0.318530438,SCENE,27/05/2018,12/05/2018,forest-control,19/05/2018 04:58,19/05/2018 21:33,34,-190,15,14.70426786,3.7,20.743,7,6,6,21.13
2018,99ST,20/05/2018,82.70833333,20/05/2018 05:35,20/05/2018 18:47,24.48820263,3.078811766,24.49574,0.600267103,SCENE,27/05/2018,12/05/2018,forest-control,20/05/2018 04:56,20/05/2018 21:34,39,-167,15,13.5409881,10.8,14.916,7,6,6,21.13
2018,99ST,21/05/2018,87.29166667,21/05/2018 05:20,21/05/2018 18:32,24.59261579,4.42949144,23.86045,0.683724836,SCENE,27/05/2018,12/05/2018,forest-control,21/05/2018 04:54,21/05/2018 21:36,26,-184,15,13.32951587,9.4,17.549,7,6,6,21.13
2018,99ST,22/05/2018,90.20833333,22/05/2018 05:50,22/05/2018 18:53,24.08932632,3.380919614,23.78357,0.251028571,SCENE,27/05/2018,12/05/2018,forest-control,22/05/2018 04:53,22/05/2018 21:38,57,-165,15,12.2631369,7.3,15.042,7,6,6,21.13
2018,99ST,23/05/2018,88.125,23/05/2018 05:47,23/05/2018 17:38,24.58117105,4.91411458,23.10186,0.832177354,SCENE,27/05/2018,12/05/2018,forest-control,23/05/2018 04:51,23/05/2018 21:40,56,-242,15,13.38371825,8.6,18.3,7,6,6,21.13
2018,99ST,24/05/2018,88.125,24/05/2018 05:38,24/05/2018 17:41,23.88201579,7.558952454,23.24125,1.104585159,SCENE,27/05/2018,12/05/2018,forest-control,24/05/2018 04:50,24/05/2018 21:41,48,-240,15,14.42866071,6.3,23.183,7,6,6,21.13
2018,99ST,25/05/2018,85.20833333,25/05/2018 05:32,25/05/2018 17:38,24.83707895,11.00589716,24.47829,0.267549582,SCENE,27/05/2018,12/05/2018,forest-control,25/05/2018 04:48,25/05/2018 21:43,44,-245,15,16.5417619,5.5,23.8,7,6,6,21.13
2018,99ST,26/05/2018,89.375,26/05/2018 05:08,26/05/2018 17:17,25.76720526,6.448234332,NA,NA,SCENE,27/05/2018,12/05/2018,forest-control,26/05/2018 04:47,26/05/2018 21:45,21,-268,15,18.12416071,6.4,23.8,7,6,6,21.13
